Title,Class,Language,Shelfmark,Date1,Date2
Orkneyinga saga,,Dansk,AM 103 fol.,1600,1699
Dedikation til kong Kristian V,,Dansk,AM 27 fol.,1650,1699
Fortale til læseren,,Dansk,AM 27 fol.,1650,1699
Bogens ord til læseren,,Dansk,AM 27 fol.,1650,1699
Reges Daniæ et Norvegiæ cognomitati,,Dansk og latin,AM 27 fol.,1650,1699
,,Dansk,AM 20 e-g & i fol.,1700,1799
Noregs konunga sögur,,Dansk,AM 93 fol.,1540,1560
Om den norske krønike,,Dansk,AM 93 fol.,1540,1560
Dedikation til den udvalgte kong Frederik II,,Dansk,AM 93 fol.,1540,1560
Fortalen til den norske krønike,,Dansk,AM 93 fol.,1540,1560
Oversættelse af den norske krønike,,Dansk og norrønt,AM 93 fol.,1540,1560
Jordebøger,,Dansk,AM 467 fol.,1700,1800
To dokumenter om Grønland dateret,,Dansk,AM 381 9 fol.,,
Dynna-sten,,,AM 371 fol.,1627,1627
Gran-sten 1,,,AM 371 fol.,1627,1627
Gran-sten 2,,,AM 371 fol.,1627,1627
Gran-sten 3,,,AM 371 fol.,1627,1627
† Kjos-indskriften,,,AM 371 fol.,1627,1627
† Bilden alterklæde,,,AM 371 fol.,1627,1627
Tune-sten,,,AM 371 fol.,1627,1627
Tose-sten 2,,,AM 371 fol.,1627,1627
Tose-sten 1,,,AM 371 fol.,1627,1627
Hoga-sten,,,AM 371 fol.,1627,1627
Holm-sten,,,AM 371 fol.,1627,1627
,,,AM 371 fol.,1627,1627
Bråteberg helleristninger 1,,,AM 371 fol.,1627,1627
Bråteberg helleristninger 2,,,AM 371 fol.,1627,1627
,,Dansk og islandsk,AM 465 fol.,1700,1800
Jarðabók yfir Árnessýsla,,Dansk,AM 465 fol.,1700,1800
Nogle notitser og artikler,,Dansk,AM 406 fol.,1800,1899
Roskildensia.,,Dansk?,AM 484 fol.,1750,1799
Sanctuarium Birgerianum,,Dansk og latin,AM 292 fol.,1500,1524
Fem danske breve fra,,Dansk,AM 380 fol.,1600,1699
Den norske landslov,,Dansk,AM 318 fol.,1554,1554
Bylov med Farmannalov,,Dansk,AM 318 fol.,1554,1554
Oversætterens epilog,,Dansk,AM 318 fol.,1554,1554
,,Dansk,AM 365 fol.,1701,1701
Register over benyttede bøger og håndskrifter,,Dansk og Latin,AM 365 fol.,1701,1701
Edvard Edvardens Bergensbeskrivelse (uddrag),,Dansk og Latin,AM 365 fol.,1701,1701
Norske retterbøder,,Dansk,AM 365 fol.,1701,1701
Runamo,,,AM 369 fol.,1600,1699
Holm-sten,,,AM 369 fol.,1600,1699
† Listerby-pulpitur,,,AM 369 fol.,1600,1699
Tullstorp-sten,,,AM 369 fol.,1600,1699
Bjäresjö-sten 1,,,AM 369 fol.,1600,1699
Bjäresjö-sten 2,,,AM 369 fol.,1600,1699
Östra Vemmenhög-sten,,,AM 369 fol.,1600,1699
Hyby-sten 1,,,AM 369 fol.,1600,1699
Skårby-sten 1,,,AM 369 fol.,1600,1699
Sjörup-sten,,,AM 369 fol.,1600,1699
Norra Åsum-sten,,,AM 369 fol.,1600,1699
Hunnestad-monument,,,AM 369 fol.,1600,1699
† Östra Hoby-sten 1,,,AM 369 fol.,1600,1699
Stora Köpinge-sten,,,AM 369 fol.,1600,1699
Björketorp-monument,,,AM 369 fol.,1600,1699
Västra Strö-monumentet,,,AM 369 fol.,1600,1699
† Gummarp-sten,,,AM 369 fol.,1600,1699
Gårdstunga-sten 1,,,AM 369 fol.,1600,1699
Sturkö-sten,,,AM 369 fol.,1600,1699
† Allerum-sten 1,,,AM 369 fol.,1600,1699
Lösen-sten 1,,,AM 369 fol.,1600,1699
Uppåkra-sten,,,AM 369 fol.,1600,1699
Valkärra-sten,,,AM 369 fol.,1600,1699
Lösen-sten 2,,,AM 369 fol.,1600,1699
Fuglie-sten 1,,,AM 369 fol.,1600,1699
Fosie-sten,,,AM 369 fol.,1600,1699
Noregs konunga sögur,,Dansk,AM 95 fol.,1575,1627
Kort historisk beretning om de norske konger Magnus Lagabøter og Erik Magnusson efterfulgt af beretninger i annalform,,Dansk,AM 95 fol.,1575,1627
Olai Petri Svenska Krönika,,Dansk med tysk og latin,AM 195 fol.,1619,1619
Jarðabók yfir Eyjafjarðarsýsla,,Dansk,AM 473 fol.,1700,1800
Samling af norske kongebreve privilegier m.v. særlig vedkommende Bergen.,,Dansk,AM 330 fol.,1575,1627
Norges beskrivelse,,Dansk,AM 99 fol.,1701,1701
Kristinréttr Árna biskups,,Dansk,AM 353 fol.,1600,1699
Dansk krønike fra kejser Augustus' død til 1632,,Dansk,AM 33 fol.,1575,1625
Alexander den stores historie,,Dansk,AM 190 a fol.,1584,1584
Frederik IIs ægteskabs-reces af 1582,,Dansk,AM 288 fol.,1575,1599
Om bryllup og barsel,,Dansk,AM 288 fol.,1575,1599
Om familie og slægt,,Dansk,AM 288 fol.,1575,1599
Om grid; en julefredsformular for Bergen og en regnskabsnotits,,Dansk,AM 288 fol.,1575,1599
Retterbøder og kgl. forordninger fra Håkon Håkonssøn til Christian IV,,Dansk,AM 288 fol.,1575,1599
Uddrag af Frederik IIs ægteskabsreces,,Dansk,AM 288 fol.,1575,1599
Ræsonnerende katalog over den Arnamagnæanske samlings håndskrifter nr 1-239 fol.,,Dansk,AM 394 fol.,1800,1900
Jyske lovs fortale,law,Gammeldansk,AM 286 fol.,1310,1330
Jyske lov,law,Lovteksten er skrevet på gammeldansk med undtagelse af den sidste benediktion (bl. 22ra:20-21) som er skrevet på latin,AM 286 fol.,1310,1330
Katalog over brevdiplomer i Den Arnamagnæanske samling,,Dansk,AM 482 fol.,1721,1741
Norske kongers navne og regeringsår,,Dansk,AM 316 fol.,1575,1599
Gulaþingslg,,Dansk,AM 316 fol.,1575,1599
De konger som har regeret i Norge,,Dansk,AM 316 fol.,1575,1599
Norske retterbøder fra 1200-1500-tallet,,Dansk,AM 316 fol.,1575,1599
Kristinn réttr,,Dansk,AM 316 fol.,1575,1599
Bergens bylov,,Dansk,AM 316 fol.,1575,1599
Gjesing-sten 1,,,AM 367 fol.,1622,1632
Øster Alling-sten,,,AM 367 fol.,1622,1632
Magnus gravsten i Framlev,,,AM 367 fol.,1622,1632
Karls gravsten i Framlev,,,AM 367 fol.,1622,1632
Glenstrup-sten 1,,,AM 367 fol.,1622,1632
Hobro-sten 2,,,AM 367 fol.,1622,1632
Randers-sten 1,,,AM 367 fol.,1622,1632
† Hobro-sten 1,,,AM 367 fol.,1622,1632
Hune-sten,,,AM 367 fol.,1622,1632
Romansk gravsten i Sundby,,,AM 367 fol.,1622,1632
Øster Brønderslev karmsten,,,AM 367 fol.,1622,1632
† Vrejlev-sten,,,AM 367 fol.,1622,1632
Hillerslev-sten,,,AM 367 fol.,1622,1632
† Tvorup-sten,,,AM 367 fol.,1622,1632
† Lee-sten,,,AM 367 fol.,1622,1632
Hjermind-sten 1,,,AM 367 fol.,1622,1632
† Torup-sten M,,,AM 367 fol.,1622,1632
Gunderup-sten 2,,,AM 367 fol.,1622,1632
Gunderup-sten 1,,,AM 367 fol.,1622,1632
Sønder Vindinge-sten 1,,,AM 367 fol.,1622,1632
Langå-sten 1,,,AM 367 fol.,1622,1632
Langå-sten 2,,,AM 367 fol.,1622,1632
Grensten-sten,,,AM 367 fol.,1622,1632
Assers gravsten i Ejsing,,,AM 367 fol.,1622,1632
Oddum-sten,,,AM 367 fol.,1622,1632
Horne-sten,,,AM 367 fol.,1622,1632
Øster Løgum-sten,,,AM 367 fol.,1622,1632
Jelling-sten 2,,,AM 367 fol.,1622,1632
Jelling-sten 1,,,AM 367 fol.,1622,1632
Noregs konunga sögur,,Dansk,AM 97 fol.,1550,1570
Jarðabók yfir Húnavatnssýsla,,Dansk,AM 471 fol.,1700,1800
Mathias Scavenius fortale,,Dansk,AM 320 fol.,1593,1593
Den norske landslov,,Dansk,AM 320 fol.,1593,1593
Regulæ juris,,Dansk og latin,AM 320 fol.,1593,1593
Norske retterbøder fra 1200- til 1500-tallet,,Dansk,AM 320 fol.,1593,1593
Småstykker,,Dansk,AM 320 fol.,1593,1593
Nyere recesser,,Dansk,AM 320 fol.,1593,1593
Moster Kirke,,,AM 370 fol.,1621,1629
Bautastene på Moster kirkegård,,,AM 370 fol.,1621,1629
Gjerde-sten 1,,,AM 370 fol.,1621,1629
Gjerde-sten 2,,,AM 370 fol.,1621,1629
Grindheim-sten,,,AM 370 fol.,1621,1629
Grindheim-kors,,,AM 370 fol.,1621,1629
Eid bautastene,,,AM 370 fol.,1621,1629
Lysekloster-stene 1-2,,,AM 370 fol.,1621,1629
Onarheim bautastene,,,AM 370 fol.,1621,1629
Kinsarvik kors og gravsten,,,AM 370 fol.,1621,1629
Eidfjord gravsten,,,AM 370 fol.,1621,1629
Voss-kors,,,AM 370 fol.,1621,1629
† Haus-sten,,,AM 370 fol.,1621,1629
† Runer i Strandebarm Kirke,,,AM 370 fol.,1621,1629
Vikebygd,,,AM 370 fol.,1621,1629
Fana sølvkors,,,AM 370 fol.,1621,1629
Folgefon (gletsjer),,,AM 370 fol.,1621,1629
Meteorsten(?) i Skånevik,,,AM 370 fol.,1621,1629
Eivinvik kors 1-2,,,AM 370 fol.,1621,1629
† Hopperstad-sten 1,,,AM 370 fol.,1621,1629
† Hopperstad-sten 2,,,AM 370 fol.,1621,1629
† Kvamme-sten,,,AM 370 fol.,1621,1629
Dale skjolde 1-2,,,AM 370 fol.,1621,1629
Stedje-sten,,,AM 370 fol.,1621,1629
Kvåle ligkiste,,,AM 370 fol.,1621,1629
Ylmein bautastene og gravhøj,,,AM 370 fol.,1621,1629
Gloppen-skjolde 1-2,,,AM 370 fol.,1621,1629
Giske mordkors (A og B-side),,,AM 370 fol.,1621,1629
Gloppen gravsten og kors,,,AM 370 fol.,1621,1629
Gloppen gravhøje,,,AM 370 fol.,1621,1629
Kinn Kirke,,,AM 370 fol.,1621,1629
Borglund. †By og †havn,,,AM 370 fol.,1621,1629
Vilnes-kors,,,AM 370 fol.,1621,1629
Jølster,,,AM 370 fol.,1621,1629
Bergens domkirke Johanneshoved,,,AM 370 fol.,1621,1629
Bergen,,,AM 370 fol.,1621,1629
Brevveksling mellem Thomas Bartholin og Torfæus 1685-90,,Dansk,AM 285 b fol.,,
Jarðabók yfir Þingeyarsýssla,,Dansk,AM 474 fol.,1700,1800
Orkneyinga saga,,Dansk,AM 92 fol.,1600,1699
Jordebøger,,Dansk,AM 466 fol.,1700,1799
Fortegnelse over Rasks Stephensens Erichsens og Kriegers Håndskrifter samt senere erhvervelser,,Dansk,AM 478 fol.,1800,1899
Brev der beskriver begivenheder i København,bref,Dansk,AM 34 fol.,1600,1699
Åbne breve vedkommende Skåne,,Dansk,AM 293 fol.,1400,1449
Katalog over danske pergamentdiplomer i Den Arnamagnæanske Samling,,Affattet på diplomernes sprog på dansk eller latin,AM 485 fol.,1800,1900
Arne Magnussons private pengevæsen,,Dansk/islandsk?,AM 452 fol.,1700,1725
Hexaëmeron,,Dansk,AM 356 fol.,1675,1725
Jordebøger,,Dansk,AM 468 fol.,1700,1800
Katalog over de norske pergamentdiplomer i Den Arnamagnæanske Samling: fasc. I-C,,Hovedsagelig dansk,AM 481 fol.,1730,1799
Jarðabók yfir Vestmannaeyar,,Dansk,AM 464 1-2 & 5 fol.,1700,1800
Jarðabók yfir Rangárvallasýsla,,Dansk,AM 464 1-2 & 5 fol.,1700,1800
Danske dokumenter og optegnelser,,Dansk,AM 382 3-9 fol.,1600,1699
En manuskriptfortegnelse,,Dansk?,AM 382 3-9 fol.,1600,1699
Danske sager,,Dansk latin og tysk,AM 382 3-9 fol.,1600,1699
Kongebreve af Frederik III og Kong Hans,,Dansk,AM 382 3-9 fol.,1600,1699
Jarðabók yfir Skagafjarðarsýsla,,Dansk,AM 472 fol.,1700,1800
Noregs konunga sögur,kon,Dansk,AM 94 fol.,1570,1590
Bergens privilegier,,Dansk,AM 331 fol.,1600,1649
Den norske landslov,,Dansk,AM 319 fol.,1550,1599
Norske retterbøder fra 1200-1500-tallet,,Dansk og norrønt,AM 319 fol.,1550,1599
Regulæ juris,,Dansk og latin,AM 319 fol.,1550,1599
Sager imellem kongen og biskoppen,,Dansk og latin,AM 319 fol.,1550,1599
Forklaring på kap. 3 i arvebalken,,Dansk,AM 319 fol.,1550,1599
Jorderegning søndenfjelds,,Dansk,AM 319 fol.,1550,1599
Nyere recesser,,Dansk,AM 319 fol.,1550,1599
Bø-sten,,,AM 368 fol.,1639,1639
Sørbø-sten 1,,,AM 368 fol.,1639,1639
† Hauske-sten,,,AM 368 fol.,1639,1639
Galteland-sten,,,AM 368 fol.,1639,1639
† Bygland-sten 1,,,AM 368 fol.,1639,1639
† Bygland-sten 2,,,AM 368 fol.,1639,1639
† Åmli-sten,,,AM 368 fol.,1639,1639
Asvaldsnes-sten 1,,,AM 368 fol.,1639,1639
† Tonstad-indskriften,,,AM 368 fol.,1639,1639
Ålgård-sten,,,AM 368 fol.,1639,1639
Skollevoll-sten,,,AM 368 fol.,1639,1639
Lund-kirkedør,,,AM 368 fol.,1639,1639
† Flekkefjord-sten,,,AM 368 fol.,1639,1639
Framvaren-indskriften,,,AM 368 fol.,1639,1639
Oddernes-sten,,,AM 368 fol.,1639,1639
Sele-sten,,,AM 368 fol.,1639,1639
† Selekorset,,,AM 368 fol.,1639,1639
Helland-sten 3,,,AM 368 fol.,1639,1639
† Klepp-indskriften,,,AM 368 fol.,1639,1639
† Skjæveland-sten,,,AM 368 fol.,1639,1639
Stangeland-sten,,,AM 368 fol.,1639,1639
Njærheim-sten,,,AM 368 fol.,1639,1639
Klepp-sten 1,,,AM 368 fol.,1639,1639
Helland-sten 2,,,AM 368 fol.,1639,1639
Froland-sten,,,AM 368 fol.,1639,1639
Kongebreve og retterbøder,,Dansk og norrønt,AM 333 fol.,1550,1700
Annalistiske optegnelser,,Dansk og norrønt,AM 333 fol.,1550,1700
Olai Petri Svenska Krönika.,,Dansk,AM 196 fol.,1550,1599
Register over svenske konger,,Dansk,AM 196 fol.,1550,1599
Jordebøger,,Dansk,AM 470 fol.,1700,1800
Den norske landslov,,Dansk,AM 321 fol.,1575,1599
Norske retterbøder,,Dansk,AM 321 fol.,1575,1599
Noregs konunga sögur,,Dansk,AM 96 fol.,1575,1599
De cornu aureo,,Dansk og tysk,AM 413 fol.,1752,1752
Den norske landslov,,Dansk,AM 317 fol.,1575,1599
Norske retterbøder,,Dansk,AM 317 fol.,1575,1599
Norske domme og nyere recesser,,Dansk,AM 317 fol.,1575,1599
Kongelige og rigsråds-domme,,Dansk,AM 317 fol.,1575,1599
Arne Magnussons private papirer,,Dansk/islandsk?,AM 454 fol.,1700,1715
Tillitse-sten,,,AM 366 fol.,1622,1632
Bregninge-sten (Lolland),,,AM 366 fol.,1622,1632
Skovlænge-sten,,,AM 366 fol.,1622,1632
Lasse Jenssøn Blaas gravsten,,,AM 366 fol.,1622,1632
Tirsted-sten,,,AM 366 fol.,1622,1632
Rønninge-sten,,,AM 366 fol.,1622,1632
† Allerup-sten,,,AM 366 fol.,1622,1632
† Julskov-korset,,,AM 366 fol.,1622,1632
Flemløse-sten,,,AM 366 fol.,1622,1632
† Avnslev-sten,,,AM 366 fol.,1622,1632
Biskop Gisikes bygningsindskrift på St. Knuds Kirke i Odense (Odense Katedral),,,AM 366 fol.,1622,1632
† Ålebæk-sten,,,AM 366 fol.,1622,1632
Nota quod,,Dansk og latin,AM 22 fol.,1600,1625
Kong Kristian d. IIIs første og anden recesser,,Dansk,AM 287 fol.,1500,1599
Compendium vitæ Arna Magnæi,,Dansk islandsk og latin,AM 1027 4to,1725,1799
Dialog mellem Gud og Sjælen (fra: Kristi Efterfølgelse),,Gammeldansk,AM 1056 XXXVI 4to,1450,1499
Bergens bylov,,Ældre nydansk,AM 99 4to,1600,1699
Bestemmelser for Bergen,,Ældre nydansk,AM 99 4to,1600,1699
Kong Christoffers stadsret,,Ældre nydansk,AM 99 4to,1600,1699
To kongebreve fra Christian IV 1614 og 1642 samt en resolution af de kongelige kommissærer 1630,,Ældre nydansk,AM 99 4to,1600,1699
Om falsk ed,,Ældre nydansk,AM 99 4to,1600,1699
Bergens evangeliske bisperække,,Ældre nydansk,AM 99 4to,1600,1699
Bønner til Skt. Anna og jomfru Maria,,Gammeldansk,AM 1056 XXXV 4to,1475,1525
Norges beskrivelse,,Ældre nydansk,AM 330 4to,1632,1632
Kong Magnus Lagabøters Norske landslov,,Ældre nydansk,AM 87 4to,1500,1599
Norsk kongerække fra Harald hårfager til Christoffer af Bayern,,Ældre nydansk,AM 87 4to,1500,1599
Sager mellem kongen og biskoppen,,Ældre nydansk,AM 87 4to,1500,1599
Retterbøder fra 1200-1300-tallet,,Ældre nydansk,AM 87 4to,1500,1599
Regulæ juris,,Ældre nydansk,AM 87 4to,1500,1599
Slægttavle fra Magnus Måneskjold,,Ældre nydansk,AM 87 4to,1500,1599
Kong Hans kroning,,Dansk og nedertysk,AM 87 4to,1500,1599
Fingrenes betydning ved edsaflæggelsen,,Ældre nydansk,AM 87 4to,1500,1599
Jyske lov,,Gammeldansk,AM 1056 XXII 4to,1400,1499
Horologium divinæ/æternæ sapientiæ,theol,Gammeldansk,AM 783 4to,1475,1525
Overdragelsesbrev,letterDoc,Gammeldansk,AM 783 4to,1475,1525
De imitatione Christi,theol,Gammeldansk,AM 783 4to,1475,1525
Prædikener,serm,Gammeldansk,AM 783 4to,1475,1525
Stimulus Amoris,theol,Gammeldansk,AM 783 4to,1475,1525
Tractatus Sancti Gregorii,theol,Gammeldansk,AM 783 4to,1475,1525
Formaninger til klosterfolk,rules,Gammeldansk,AM 783 4to,1475,1525
Beskrivelse af Bergen del I-II,,Ældre nydansk,AM 888 4to,1650,1699
De norske kongesagaer,,Ældre nydansk,AM 884 4to,1585,1599
Hvem kirken nægter sin beskærmelse,,Dansk,AM 683 a 4to,1475,1525
Grænseskel mellem Norge og Sverige,,Ældre nydansk,AM 114 b 4to,1675,1725
Erik Glippings nyborgske forordning for Nørrejylland,law,Gammeldansk,AM 9 4to,1470,1470
Jyske lov,law,Gammeldansk,AM 9 4to,1470,1470
Valdemars Sjællandske lov,law,Gammeldansk,AM 9 4to,1470,1470
Sjællandske kirkelov,law,Gammeldansk,AM 9 4to,1470,1470
Eriks Sjællandske lov,law,Gammeldansk,AM 9 4to,1470,1470
Grænseskel mellem Danmark og Sverige,law,Gammeldansk,AM 9 4to,1470,1470
Gårdsretten,law,Gammeldansk,AM 9 4to,1470,1470
Erik Glippings nyborgske forordninger 1284,law,Gammeldansk,AM 9 4to,1470,1470
Danske håndfæstninger og kongebreve fra 1300-tallet,law,Gammeldansk,AM 9 4to,1470,1470
Værdiberegning og valutakurs,law,Gammeldansk,AM 9 4to,1470,1470
Annalistiske optegnelser om slaget ved Falkøping samt angående begivenheder i 1400-tallet,annal,Gammeldansk,AM 9 4to,1470,1470
Annalistisk-personalhistoriske optegnelser fra 1400- og begyndelsen af 1500-tallet,annal,Gammeldansk,AM 9 4to,1470,1470
Værdiberegning,val,Gammeldansk,AM 9 4to,1470,1470
Summarisk-registrering over Norske lov og af kongelige recesser retter ordinanser og forordninger,,Ældre nydansk,AM 109 4to,1600,1699
Forslag til oprettelse af kolonier i Grønland,,Ældre nydansk,AM 778 c 4to,1700,1724
Ribe stadsret,law,Ældre nydansk,AM 17 4to,1600,1624
Kong Kristoffer af Bayerns almindelige stadsret,law,Ældre nydansk,AM 17 4to,1600,1624
Gårdsretten,law,Ældre nydansk,AM 17 4to,1600,1624
Rigens dele,law,Ældre nydansk,AM 17 4to,1600,1624
Kong Christian IIIs Københavnske reces 1537,law,Ældre nydansk,AM 17 4to,1600,1624
Kongelige forordninger og offentlige breve,law,Ældre nydansk,AM 17 4to,1600,1624
Jónsbók,,Ældre nydansk,AM 166 4to,1600,1699
Register til den islandske lovhåndskrift,,Ældre nydansk,AM 166 4to,1600,1699
Retterbøder m.m.,,Ældre nydansk,AM 166 4to,1600,1699
Gulaþingslǫg: Kristinn réttr hinn forni,,Dansk?,AM 66 4to,1686,1688
Farmannalǫg,law,Ældre nydansk,AM 61 b 4to,1575,1599
Vedtægter forordninger og domme deriblandt,law,Dansk og islandsk,AM 61 b 4to,1575,1599
Jyske lov,law,Gammeldansk,AM 5 4to,1547,1547
Thord degns artikler,law,Gammeldansk,AM 5 4to,1547,1547
Gårdsretten,law,Gammeldansk,AM 5 4to,1547,1547
Udsigt over lovens indhold,law,Gammeldansk,AM 5 4to,1547,1547
Kong Christoffers stadsret,law,Gammeldansk,AM 5 4to,1547,1547
Christian III's håndfæstning samt recesserne af 1537 1539 1540 og en forordning om markerebning,law,Gammeldansk,AM 5 4to,1547,1547
Christian III's Københavnske reces 1547,law,Gammeldansk,AM 5 4to,1547,1547
Værdiberegninger o.l.,,Dansk og latin,AM 906 4to,1675,1725
,,Ældre nydansk,AM 42 4to,1500,1599
Skånske stadsret,,Ældre nydansk,AM 42 4to,1500,1599
Malmøs privilegier fra 1360-1487,,Ældre nydansk,AM 42 4to,1500,1599
Kong Frederiks reces,,Ældre nydansk,AM 42 4to,1500,1599
Rigens ret,,Ældre nydansk,AM 42 4to,1500,1599
Kong Eriks og Dronning Margretes fiskeribestemmelser for Skanør og Falsterbro,,Ældre nydansk,AM 42 4to,1500,1599
Bestemmelser for høstmarkedet i Malmø,,Ældre nydansk,AM 42 4to,1500,1599
Visby søret,,Ældre nydansk,AM 42 4to,1500,1599
Overenskomst med de Vendiske stæder på herredagen i odense 1565,,Ældre nydansk,AM 42 4to,1500,1599
Kong Christoffers stadsret,,Ældre nydansk,AM 42 4to,1500,1599
Skånske lov,,Ældre nydansk,AM 42 4to,1500,1599
Jyske lovs fortale,law,Gammeldansk,AM 21 4to,1475,1499
Valdemars Sjællandske lov,law,Gammeldansk,AM 21 4to,1475,1499
Eriks Sjællandske lov,law,Gammeldansk,AM 21 4to,1475,1499
Sjællandske kirkelov,law,Gammeldansk,AM 21 4to,1475,1499
Roskilde stadsret,law,Gammeldansk,AM 21 4to,1475,1499
Modus Confidendi,theol,Gammeldansk,AM 21 4to,1475,1499
De Passione Domini,bibl,Gammeldansk,AM 21 4to,1475,1499
Gårdsretten,law,Gammeldansk,AM 21 4to,1475,1499
Opskrift på tilberedelsen af en drik,recip,Gammeldansk,AM 21 4to,1475,1499
Regnskab over proviant og kreaturer mv.,,Dansk,AM 918 4to,1500,1799
Et underligt syn: åbenbaret den 1. august 1657 for M. Arent Hammersmid ved Vestfossen på Egger,,Dansk,AM 918 4to,1500,1799
Den norske hirdskrå,,Ældre nydansk,AM 107 4to,1600,1624
Møntberegning,alf,Gammeldansk,AM 7 4to,1500,1599
Jyske lov,log,Gammeldansk,AM 7 4to,1500,1599
Kong Erik Glippings Nyborgske forordninger for Nørrejylland 1284,log,Gammeldansk,AM 7 4to,1500,1599
Kong Erik Glippings Helsingborgske forordninger 1283,log,Gammeldansk,AM 7 4to,1500,1599
Kong Christian Is forordning for Nørrejylland 1466,log,Gammeldansk,AM 7 4to,1500,1599
Gårdsretten,log,Gammeldansk,AM 7 4to,1500,1599
Dom mellem Iver Foss og Stig Pors,dom,Gammeldansk,AM 7 4to,1500,1599
Kong Erik glippings Nyborgske forordning (1284) for Skåne,logfr,Gammeldansk,AM 7 4to,1500,1599
Udsigt over lovens indhold,log regist,Gammeldansk,AM 7 4to,1500,1599
Thord degns artikler,logfr,Gammeldansk,AM 7 4to,1500,1599
Den ældste Lundske eller Helsingborgske stadsret,log,Gammeldansk,AM 7 4to,1500,1599
Den Dalbyske forordning,logfr,Gammeldansk,AM 7 4to,1500,1599
Kong Christian IIIs Dronningborgske reces 1551 og Københavnske 1547,logfr,Gammeldansk,AM 7 4to,1500,1599
Gulaþingslǫg,,Ældre nydansk,AM 64 4to,1575,1625
Retterbøder recesser o.l.,,Ældre nydansk,AM 64 4to,1575,1625
Uddrag af Lauritz hanssøns lovhåndskrift,,Ældre nydansk,AM 64 4to,1575,1625
Danmarks adels gamle navn og slægter,,Ældre nydansk,AM 64 4to,1575,1625
Fjorten kongekapeller i Norge,,Ældre nydansk,AM 64 4to,1575,1625
Nogle spørgsmål om Norges lov som synes dunkle og som kunne forandres,,Ældre nydansk,AM 64 4to,1575,1625
Ribe stadsret,,Ældre nydansk,AM 15 4to,1575,1625
,,Ældre nydansk,AM 778 a 4to,1600,1715
Om Grønland,,Ældre nydansk,AM 778 a 4to,1600,1715
Om Grønland,,Ældre nydansk,AM 778 a 4to,1600,1715
Historiske excerpter,,Ældre nydansk,AM 778 a 4to,1600,1715
Dyreverden i Island Grønland og polarhaven,,Ældre nydansk,AM 778 a 4to,1600,1715
Brev om cencuren i en Grønlandsbeskrivelse der var planlagt til udgivelse,,Ældre nydansk,AM 778 a 4to,1600,1715
Christian IV's brev af år,,Ældre nydansk,AM 778 a 4to,1600,1715
Fred udi det hedenske Norden,,Dansk,AM 851 4to,1675,1725
Jyske lovs fortale,law,Gammeldansk,AM 23 4to,1475,1525
Valdemars Sjællandske lov,law,Gammeldansk,AM 23 4to,1475,1525
Sjællandske kirkelov,law,Gammeldansk og latin,AM 23 4to,1475,1525
Den fornyede unionsakt af 1436,law,Gammeldansk,AM 23 4to,1475,1525
Spredte retslige optegnelser på dansk og latin samt værdiberegning af jord,law,Gammeldansk og latin,AM 23 4to,1475,1525
Kong Hans' håndfæstning Halmstad 1483,law,Gammeldansk og latin,AM 23 4to,1475,1525
Södermannalagens kirkebalk,law,Gammeldansk og latin,AM 23 4to,1475,1525
Kongelige forordninger,law,Gammeldansk,AM 23 4to,1475,1525
Valdemar Atterdags privilegium for Lund 1361,law,Gammeldansk,AM 23 4to,1475,1525
Dialogue between God and the Soul (from: The Imitation of Christ),,Dansk,AM 1056 XXXVI 4to,1450,1500
Fortegnelse over Københavns Universitets jordeskyld i København,,Ældre nydansk,AM 879 4to,1600,1649
Indholdsfortegnelse,,Gammeldansk,AM 40 4to,1400,1499
Skånske lov,,Gammeldansk,AM 40 4to,1400,1499
Valdemar IIs forordning om jernbyrds afskaffelse,,Gammeldansk,AM 40 4to,1400,1499
Kong Erik Glippings vordingborgske forordning 1282,,Gammeldansk,AM 40 4to,1400,1499
Kong Erik Glippings nyborgske forordning for Skåne 1284,,Gammeldansk,AM 40 4to,1400,1499
Vederlagsretten,,Gammeldansk,AM 40 4to,1400,1499
Epilogen til Skånske kirkelov,,Gammeldansk,AM 40 4to,1400,1499
Arvebogen,,Gammeldansk,AM 40 4to,1400,1499
Skånske stadsret,,Gammeldansk,AM 40 4to,1400,1499
Skånske kirkelov,,Gammeldansk,AM 40 4to,1400,1499
Christian IIs ordinans,,Dansk,AM 804 4to,1515,1525
Snorra Edda del I,,Ældre nydansk,AM 760 4to,1650,1699
Kort Vending,,Ældre nydansk,AM 808 4to,1575,1599
Kong Magnus lagabøters Norske landslov,,Ældre nydansk,AM 85 4to,1500,1599
Af kejserloven,,Ældre nydansk,AM 85 4to,1500,1599
Frederik II Om ægteskabssager Kronborg 1582,,Ældre nydansk,AM 85 4to,1500,1599
Poul Hvitfeltds reces Skien 1576,,Ældre nydansk,AM 85 4to,1500,1599
Nidaros takmark,,Ældre nydansk,AM 85 4to,1500,1599
Regulæ juris,,Ældre nydansk,AM 85 4to,1500,1599
Sager som er mellem kongen og biskoppen,,Ældre nydansk,AM 85 4to,1500,1599
Stamtavle fra Magnus Måneskjold,,Ældre nydansk,AM 85 4to,1500,1599
Kong Hans kroning,,Ældre nydansk,AM 85 4to,1500,1599
Norsk kongerække fra Harald hårfager til Christoffer af Bayern,,Ældre nydansk,AM 85 4to,1500,1599
Christian I retterbod for Trondhjem Oslo 1478,,Ældre nydansk,AM 85 4to,1500,1599
Truid Ulfstands og Claus Billes reces Bergen 1539,,Ældre nydansk,AM 85 4to,1500,1599
Erik Rosenkrans reces' Bergen 1565,,Ældre nydansk,AM 85 4to,1500,1599
Jørgen Lykkes reces med Frederiks IIs bekræftelse 1574,,Ældre nydansk,AM 85 4to,1500,1599
Bergens Bylov,,Ældre nydansk,AM 85 4to,1500,1599
Farmannaloven,,Ældre nydansk,AM 85 4to,1500,1599
Retterbøder forordninger og recesser fra 1200-1500-tallet,,Ældre nydansk,AM 85 4to,1500,1599
Om Edens Betydning,,Ældre nydansk,AM 85 4to,1500,1599
Værdiberegning i Norge,,Ældre nydansk,AM 85 4to,1500,1599
Forhandlinger på Oslo rådstue 1587,,Ældre nydansk,AM 85 4to,1500,1599
Danske annaler 1452-1536 1559-60,,Ældre nydansk,AM 85 4to,1500,1599
Norske annaler 1328-1550,,Ældre nydansk,AM 85 4to,1500,1599
Grønlandskort,,Dansk,AM 772 a 4to,1700,1724
Om Thorlacius' rettelser angående Grønland til en,,Ældre nydansk,AM 772 a 4to,1700,1724
Descriptio Gronlandica,,Ældre nydansk,AM 772 a 4to,1700,1724
Kursforskrifter for Grønland,,Ældre nydansk,AM 773 a 4to,1700,1724
Historisk-topografisk undersøgelse,,Dansk og latin,AM 251 4to,1693,1699
Nidaros bylov,,Ældre nydansk,AM 97 4to,1550,1599
Om edens betydning. Formularer for byfogeds- rådmands- lagrettes- og borger-ed,,Ældre nydansk,AM 97 4to,1550,1599
Farmannaloven,,Ældre nydansk,AM 97 4to,1550,1599
Retterbøder fra 1200-1500-tallet,,Ældre nydansk,AM 97 4to,1550,1599
Kong Magnus Lagabøters Norske landslov,,Ældre nydansk,AM 89 4to,1550,1599
Retterbøder recesser o.l.,,Ældre nydansk med undtagelse af et mindre stykke,AM 89 4to,1550,1599
Værdiberegning forklaringer og udtryk i loven og lign.,,Ældre nydansk,AM 89 4to,1550,1599
Annaler 1328-1583,,Ældre nydansk,AM 89 4to,1550,1599
Småstykker om mandsgæld tegn og marketal,,Ældre nydansk,AM 89 4to,1550,1599
Fingrenes betydning ved edsaflæggelsen,,Ældre nydansk,AM 89 4to,1550,1599
Forskellige udkast til beretning om die af,,Dansk islendsk og latin,AM 998 4to,1700,1799
Jærtegnspostil,miracle,Gammeldansk,AM 1056 X 4to,1450,1499
Betænkning om gyldigheden af I. artikel om arv i kong Håkon Magnussons retterbod af år 1313,,Ældre nydansk,AM 208 4to,1700,1724
Absalon Pederssøns Norges beskrivelse,,Ældre nydansk,AM 886 4to,1600,1624
Beskrivelse af det kongelige biblioteks islandske håndskrifter,,Dansk,AM 1062 4to,,
Forklaring på Eske Billes ret til Brunlag gård og gods i Norge,,Ældre nydansk,AM 32 b 4to,1675,1725
Stamtavle over slægten Krummedige,,Ældre nydansk,AM 32 b 4to,1675,1725
Versificerede leveregler ejernavne o.l.,,Ældre nydansk,AM 35 4to,1592,1592
Titelblad til Skånske lov,,Ældre nydansk,AM 35 4to,1592,1592
Jyske lovs fortale,,Ældre nydansk,AM 35 4to,1592,1592
Skånske lov,,Ældre nydansk,AM 35 4to,1592,1592
Kong Erik glippings Nyborgske forordning for Skåne 1284,,Ældre nydansk,AM 35 4to,1592,1592
Skånske kirkelov,,Ældre nydansk,AM 35 4to,1592,1592
Arvebogen,,Ældre nydansk,AM 35 4to,1592,1592
Grænseskel mellem Danmark og Sverige,,Ældre nydansk,AM 35 4to,1592,1592
Grønlandsbeskrivelse,,Dansk,AM 777 b-d 4to,1575,1699
Grønlandsbeskrivelse,,Dansk,AM 777 b-d 4to,1575,1699
Brev,,Dansk,AM 777 b-d 4to,1575,1699
Grønlandsbeskrivelse,,Dansk,AM 777 b-d 4to,1575,1699
Skånske lov,,Ældre nydansk,AM 27 4to,1675,1725
Kong Valdemar IIs forordning om jernbyrds afskaffelse,,Ældre nydansk,AM 27 4to,1675,1725
Kong Erik glippings Vordingborgske forordning 1282 og Nyborgske forordning for Skåne 1284,,Ældre nydansk,AM 27 4to,1675,1725
Vederlagsretten,,Ældre nydansk,AM 27 4to,1675,1725
Arvebogen,,Ældre nydansk,AM 27 4to,1675,1725
Skånske stadsret,,Ældre nydansk,AM 27 4to,1675,1725
Skånske kirkeret,,Ældre nydansk,AM 27 4to,1675,1725
Indholdsfortegnelse,,Ældre nydansk,AM 27 4to,1675,1725
Gronlandia,,Ældre nydansk,AM 776 4to,1600,1715
Fostbrødre saga,,Ældre nydansk,AM 776 4to,1600,1715
Indholdsfortegnelse,,Gammeldansk,AM 39 4to,1475,1525
Skånske lov,,Gammeldansk,AM 39 4to,1475,1525
Kong Erik Glippings nyborgske forordning for Skåne 1284,,Gammeldansk,AM 39 4to,1475,1525
Skånske kirkelov,,Gammeldansk,AM 39 4to,1475,1525
Kong Erik af Pommerns privilegium for Landskrona,,Gammeldansk,AM 39 4to,1475,1525
Skånske stadsret,,Gammeldansk,AM 39 4to,1475,1525
Arvebogen,,Gammeldansk,AM 39 4to,1475,1525
,,Gammeldansk,AM 39 4to,1475,1525
Valdemar IIs forordning om jærnbyrds afskaffelse,,Gammeldansk,AM 39 4to,1475,1525
Kong Erik af Pommerns og Dronning Margretes fiskeriforordning,,Gammeldansk,AM 39 4to,1475,1525
Om hævd,,Gammeldansk,AM 39 4to,1475,1525
Om stævning til kongens ting i Skåne,,Gammeldansk,AM 39 4to,1475,1525
Gårdsretten,,Gammeldansk,AM 39 4to,1475,1525
Bønnebog,,Gammeldansk,AM 1056 XXXII 4to,1475,1499
Jyske lov,law,Gammeldansk,AM 11 4to,1475,1525
Valdemars Sjællandske lov,law,Gammeldansk,AM 11 4to,1475,1525
Gårdsretten,law,Gammeldansk,AM 11 4to,1475,1525
Sjællandske kirkelov,law,Gammeldansk,AM 11 4to,1475,1525
Erik Glippings vordingborgske forordning 1282,law,Gammeldansk,AM 11 4to,1475,1525
Erik Glippings nyborgske forordning for Sjælland 1284,law,Gammeldansk,AM 11 4to,1475,1525
Om at dele jord,law,Gammeldansk,AM 11 4to,1475,1525
Landsdommer i Nørrejylland Peder Lykkes dom 1433 om u-ære,law,Gammeldansk,AM 11 4to,1475,1525
Notits om jordberegning,law,Gammeldansk,AM 11 4to,1475,1525
Christian IIs håndfæstning,law,Gammeldansk,AM 11 4to,1475,1525
Jord- og værdiberegninger,law,Gammeldansk,AM 11 4to,1475,1525
Antegnelser over Norske lov,,Ældre nydansk,AM 111 4to,1650,1699
Optegnelser til Islands ældre Beskrivelse,,Ældre nydansk,AM 964 a-b 4to,1800,1899
Optegnelser til Islands ældre Historie,,Ældre nydansk,AM 964 a-b 4to,1800,1899
Et religiøst skrift,,Gammeldansk,AM 1056 XXI 4to,1400,1499
Jyske lov,law,Gammeldansk,AM 3 4to,1475,1499
Danske kongebreve og håndfæstninger,law,Gammeldansk,AM 3 4to,1475,1499
Gårdsretten,law,Gammeldansk,AM 3 4to,1475,1499
Forklaring på værdiberegningen i lovens bødebestemmelser,law,Gammeldansk,AM 3 4to,1475,1499
Chronicon sive Historia Joannis Regis Daniæ,,Ældre nydansk,AM 859 4to,1582,1582
Skånske arvebog,,Gammeldansk,AM 1056 XL 4to,1300,1399
Grønlandsbeskrivelse del III,,Ældre nydansk,AM 774 a 4to,1703,1724
Gammeldansk bønnebog,,Dansk og på bl. 5v-6r nedertysk,AM 789 4to,1400,1499
Norsk kongekrønike,,Ældre nydansk,AM 882 4to,1600,1649
Skånske kirkelov,logfr,Ældre nydansk,AM 38 b 4to,1640,1660
Jyske lov,,Gammeldansk,AM 1056 XXXVII 4to,1300,1399
Kong Magnus Lagabøters Norske landslov,,Ældre nydansk,AM 93 4to,1500,1599
Retterbøder fra 1200-1400-tallet,,Ældre nydansk,AM 93 4to,1500,1599
Sager mellem kongen og biskoppen,,Ældre nydansk,AM 93 4to,1500,1599
Et religiøst skrift,,Gammeldansk,AM 1056 XX 4to,1400,1499
,,Dansk og latin,AM 1050 4to,1500,1730
En ny vise,,Ældre nydansk,AM 1050 4to,1500,1730
Christian IV med følges indskrifter på en rude i Bergen rådhus 1599,,Ældre nydansk,AM 1050 4to,1500,1730
Kong Erik glippings Nyborgske forordning 1284,,Ældre nydansk,AM 1050 4to,1500,1730
Annal for 1286-1548,,Ældre nydansk,AM 1050 4to,1500,1730
Retterbod for Hr Trond Ulfsstand og Hr Claus Bille,,Ældre nydansk,AM 1050 4to,1500,1730
Fortegnelse over de håndskrifter justitsråd Rømer købte på Parsbergs auktion,,Ældre nydansk,AM 1050 4to,1500,1730
En fortegnelse over islandske sagaer,,Ældre nydansk,AM 1050 4to,1500,1730
Kong Magnus lagabøters Norske landslov,,Ældre nydansk,AM 81 4to,1550,1600
Retterbøder fra 1200- og 1300-tallet,,Ældre nydansk,AM 81 4to,1550,1600
Fortegnelse over ridder Hartvig Krummediges norske jordegods,,Ældre nydansk,AM 880 4to,,
Passionale,,Gammeldansk,AM 1056 XXXIII 4to,1475,1499
Apostlen Johannes og brudgommen,,Gammeldansk,AM 1056 XVIII 4to,1400,1499
Breve,,Ældre nydansk,AM 914 6 4to,1800,1815
Norsk kongerække fra Harald hårfager til Olav Håkonsson,,Ældre nydansk,AM 91 4to,1575,1599
Kong Magnus Lagabøters Norske landslov,,Ældre nydansk,AM 91 4to,1575,1599
Retterbøder og forordninger fra 1200-1500-tallet,,Ældre nydansk,AM 91 4to,1575,1599
Småvers og Penneprøver fra ca. 1500,,Dansk og dansk-latin,AM 46 4to,1475,1499
Ni artikler besluttede af kong Gustav og rigens råd,,Ældre nydansk,AM 46 4to,1475,1499
Om Edens Betydning,,Ældre nydansk,AM 58 4to,1300,1360
Jyske lovs fortale,law,Gammeldansk,AM 25 4to,1450,1499
Eriks Sjællandske lov,law,Gammeldansk,AM 25 4to,1450,1499
Sjællandske kirkelov,law,Gammeldansk,AM 25 4to,1450,1499
Kong Eriks håndfæstning,law,Gammeldansk,AM 25 4to,1450,1499
Olofs håndfæstning,law,Gammeldansk,AM 25 4to,1450,1499
Grænseskel mellem Danmark og Sverige,law,Gammeldansk,AM 25 4to,1450,1499
Register til kirkeretten samt de to håndfæstninger,index,Gammeldansk,AM 25 4to,1450,1499
Visbys søret,law,Gammeldansk,AM 25 4to,1450,1499
Skånske købstadsret,law,Gammeldansk,AM 25 4to,1450,1499
Kong Christoffers almindelige stadsret,law,Gammeldansk,AM 25 4to,1450,1499
Sørgedigt i Alexandrinere om Frederik III,,Ældre nydansk,AM 861 4to,1650,1699
Københavns borgeres artikler til bogmestere og råd 1580 med disses svar,,Ældre nydansk,AM 29 4to,1500,1699
Rigens dele,,Ældre nydansk,AM 29 4to,1500,1699
Rigens ret med sine breve,,Ældre nydansk,AM 29 4to,1500,1699
Juridiske optegnelser,,Ældre nydansk,AM 29 4to,1500,1699
Udsigt over lovens indhold,,Ældre nydansk,AM 29 4to,1500,1699
Kong Christians håndfæstning,,Ældre nydansk,AM 29 4to,1500,1699
Gårdsretten,,Ældre nydansk,AM 29 4to,1500,1699
Sager der skal værges med køns ed,,Ældre nydansk,AM 29 4to,1500,1699
Alle tre-marks sager som findes i loven,,Ældre nydansk,AM 29 4to,1500,1699
Kong Erik glippings Nyborgske forordning for Nørrejylland 1248,,Ældre nydansk,AM 29 4to,1500,1699
Kong Frederik IIs forordning om fiskerlejerne 1572,,Ældre nydansk,AM 29 4to,1500,1699
Kong Christian IIIs københavnske reces 1537,,Ældre nydansk,AM 29 4to,1500,1699
Kancelliordning fra tiden før 1523,,Ældre nydansk,AM 29 4to,1500,1699
Artikler udtaget af rigens ret med nogle bemærkelsesværdige domme,,Ældre nydansk,AM 29 4to,1500,1699
Kong Valdemar IIs forordning om jernbyrd,,Ældre nydansk,AM 29 4to,1500,1699
Skånske kirkelov,law,Gammeldansk,AM 37 4to,1250,1599
Frederik I's reces Odense 1527,law,Gammeldansk,AM 37 4to,1250,1599
Privatoptegnelser fra 1500-tallet,note,Gammeldansk,AM 37 4to,1250,1599
Notitser om 1) Majestætsforbrydeler 2) fredkøb 3) køb og salg 4) gæld,law,Gammeldansk (notits 2 og 4) og latin (notits 1 og 3),AM 37 4to,1250,1599
Kong Christian Is juramentum 1449,law,Gammeldansk,AM 37 4to,1250,1599
Gårdsretten,law,Gammeldansk,AM 37 4to,1250,1599
Christian Is løfte til Sveriges indbyggere,law,Gammeldansk,AM 37 4to,1250,1599
Sententia data in Kalundborg super introductionem a consiliariis regis 1494,law,Gammeldansk,AM 37 4to,1250,1599
Ærendlefs og Olsdorps præstekrønike,,Ældre nydansk,AM 873 4to,1600,1699
Roskilde-årbogen 1448-1549,,Ældre nydansk,AM 838 4to,1500,1599
Register,,Ældre nydansk,AM 845 4to,1675,1725
Retterbøder og recesser 1200-1500-tallet,,Ældre nydansk,AM 101 4to,1575,1625
Forklaring over gamle norske ord,,Ældre nydansk,AM 101 4to,1575,1625
Bergens rimkrønike,,Ældre nydansk,AM 83 b 4to,1594,1594
,,Dansk,AM 1056 XLI 4to,1400,1424
Ordregister til Norske lov,,Ældre nydansk,AM 113 4to,1600,1699
Afhandling om messen,,Gammeldansk,AM 1056 XIX 4to,1400,1499
Den helige Birgittas åbenbaringer,,Gammeldansk,AM 1056 XXV 4to,1450,1499
Roskilde kapitel jordebog,,Ældre nydansk,AM 876 4to,1568,1568
Kommentar til Thorlacius' kort over Grønland,,Ældre nydansk,AM 771 a 4to,1728,1728
Bøn til Jesus Kristus,pray,Gammeldansk,AM 1056 XII 4to,1450,1499
Fragmenter fra tidebogen,pray,Gammeldansk,AM 1056 XII 4to,1450,1499
Lægebog,,Gammeldansk,AM 819 4to,1500,1524
Skånske lov,,Ældre nydansk,AM 43 4to,1700,1799
Om Grønland og Vinland,,Ældre nydansk,AM 778 b 4to,1700,1724
Ribe stadsret,,Ældre nydansk,AM 16 4to,1600,1699
Kong Magnus lagabøtgers Norske landslov,,Ældre nydansk,AM 75 4to,1500,1599
Værdiberegning,,Ældre nydansk,AM 75 4to,1500,1599
Bønnebog,,Gammeldansk,AM 1056 XXXIV 4to,1475,1525
Den norske hirdskrå,,Ældre nydansk,AM 108 4to,1500,1599
Jyske lov,log,Gammeldansk,AM 8 4to,1400,1499
Kong Magnus Lagabøters Norske landslov,,Ældre nydansk,AM 79 4to,1575,1599
Norske retterbøder og forordninger fra 1200- til 1500-tallet,,Ældre nydansk,AM 79 4to,1575,1599
Danske kongebreve fra Frederik II til Christian IV,,Ældre nydansk,AM 79 4to,1575,1599
Beslutninger på herredagen i Bergen 1604,,Ældre nydansk,AM 79 4to,1575,1599
Optegnelser i årbogsform fra verdens skabelse til året 1581,,Ældre nydansk,AM 840 4to,1550,1599
Embedsbreve privatoptegnelser og lægeråd,,Dansk og latin,AM 840 4to,1550,1599
Jyske lov,logfr,Gammeldansk,AM 4 4to,1275,1325
Jónsbók,,Ældre nydansk,AM 167 4to,1600,1699
Register over islandske rímur,,Ældre nydansk,AM 923 4to,1850,1899
Speculum sapientiae,,Gammeldansk,AM 782 4to,1500,1524
Bønner at læse på ugens dage,,Gammeldansk,AM 782 4to,1500,1524
Absalon Pederssøns Norges beskrivelse,,Ældre nydansk,AM 885 4to,1600,1624
Bønnebog,,Gammeldansk,AM 790 4to,1500,1524
Om de norske loves tilblivelse og lagdømmernes inddeling,,Ældre nydansk,AM 94 4to,1575,1625
Fra jordebogskommisionens tid,,Dansk og islandsk,AM 1057 4to,1700,1724
Brevveksling mellem Arne Magnusson og hans kone,,Hovedsagelig dansk,AM 1057 4to,1700,1724
Et privatbrev fra I. Mathesius,,Dansk,AM 1057 4to,1700,1724
Breve fra C. J. Lund,,Dansk,AM 1057 4to,1700,1724
Breve fra R. Rasmussen,,Dansk,AM 1057 4to,1700,1724
Breve fra N. Therckilsen,,Dansk,AM 1057 4to,1700,1724
Kopi af en erklæring fra L. C. Gottrup,,Dansk,AM 1057 4to,1700,1724
Aktstykker om udlån af norske diplomer og brevbøger til Arne Magnusson,,Dansk,AM 1057 4to,1700,1724
Notitser om håndskrifter og gamle breve,,Dansk og islandsk,AM 1057 4to,1700,1724
Kong Magnus Lagabøters Norske landslov,,Ældre nydansk,AM 86 4to,1500,1599
Norges kongerække til Christoffer af Bayern,,Ældre nydansk,AM 86 4to,1500,1599
Retterbøder og forordninger fra 1200-1500-tallet,,Ældre nydansk,AM 86 4to,1500,1599
Regulæ juris,,Ældre nydansk,AM 86 4to,1500,1599
Sager mellem kongen og biskoppen,,Ældre nydansk,AM 86 4to,1500,1599
Slægttavle fra Magnus Måneskjold,,Ældre nydansk,AM 86 4to,1500,1599
Kong Hans kroning,,Ældre nydansk,AM 86 4to,1500,1599
Om edens betydning,,Ældre nydansk,AM 86 4to,1500,1599
Kursforskrifter for Grønland,,Ældre nydansk,AM 773 b 4to,1686,1694
Registrant over en skøde- og brevbog især om Roskilde kapitel,,Ældre nydansk,AM 1034 4to,1675,1725
Kristiansands privillegier,,Ældre nydansk,AM 98 4to,1600,1699
Vejviser for pilgrimme,,Gammeldansk,AM 792 4to,1425,1499
Dialog mellem Æterna Sapientia og Disciplen,,Gammeldansk,AM 1056 XI 4to,1475,1525
Kong Magnus Lagabøters Norske landslov,,Ældre nydansk,AM 84 4to,1575,1599
Norsk kongerække til Kristoffer af Bayern,,Ældre nydansk,AM 84 4to,1575,1599
Katalog,,Dansk,AM 1059 4to,1825,1875
Kong Magnus Lagabøters Norske landslov,,Ældre nydansk,AM 88 4to,1575,1599
Retterbøder fra 1300-tallet,,Ældre nydansk,AM 88 4to,1575,1599
En versificeret hilsen,,Ældre nydansk,AM 88 4to,1575,1599
,,Ældre nydansk,AM 96 4to,1600,1624
Contentio inter animam et corpus,,Ældre nydansk,AM 41 4to,1325,1375
Skånske lov,,Ældre nydansk,AM 41 4to,1325,1375
Skånske kirkeret,,Ældre nydansk,AM 41 4to,1325,1375
Bønnebog,,Gammeldansk,AM 1056 XXX 4to,1400,1499
Dansk lægebog,,Ældre nydansk,AM 249 e 4to,1575,1625
Psalterium Davidis,,Dansk,AM 435 b 4to,1712,1725
Brev fra Torfæus' enke til Arne Magnusson,,Dansk,AM 435 b 4to,1712,1725
Jyske lovs fortale,law,Gammeldansk,AM 22 4to,1450,1499
Valdemars Sjællandske lov,law,Gammeldansk,AM 22 4to,1450,1499
Erik Glippings vordingborgske forordning 1282,law,Gammeldansk,AM 22 4to,1450,1499
Erik Glippings nyborgske forordning 1284,law,Gammeldansk,AM 22 4to,1450,1499
Sjællandske kirkelov,law,Gammeldansk,AM 22 4to,1450,1499
Kongelige håndfæstninger fra 1300-tallet,law,Gammeldansk,AM 22 4to,1450,1499
Eriks Sjællandske lov,law,Gammeldansk,AM 22 4to,1450,1499
Erik Glippings nyborgske forordning for Nørrejylland 1284,law,Gammeldansk,AM 22 4to,1450,1499
Om tyveri,law,Gammeldansk og middelnedertysk,AM 22 4to,1450,1499
Gårdsretten,law,Gammeldansk,AM 22 4to,1450,1499
Kong Hans' almindelige stadsret,law,Gammeldansk,AM 22 4to,1450,1499
Register til stadsretten,law,Gammeldansk,AM 22 4to,1450,1499
Tilbud fra Peder Hvitfeldt og Christoffer Walkendorff angående Grønlands genopdagelse,,Dansk,AM 770 c 4to,,
Christian IV's tilladelse for,,Dansk,AM 770 c 4to,,
Dagbog over Jakob Aldays Grønlandsrejse 1579,,Dansk,AM 770 c 4to,,
Christian IIs ordinans 1522,,Gammeldansk,AM 30 4to,1522,1522
Tre danske forordninger om betaling af tiende,law,Ældre nydansk,AM 18 4to,1560,1624
De tre vanskelige spørgsmål,,Dansk,AM 1056 XXXIX 4to,1500,1599
,,Gammeldansk,AM 1056 XXIII 4to,1475,1499
Jyske lov,law,Gammeldansk,AM 6 4to,1540,1560
Thord degns artikler,law,Gammeldansk,AM 6 4to,1540,1560
Udsigt over lovens indhold,law,Gammeldansk,AM 6 4to,1540,1560
Kong Christoffers stadsret,law,Gammeldansk,AM 6 4to,1540,1560
Erik Glippings nyborgske forordninger 1284,law,Gammeldansk,AM 6 4to,1540,1560
Gårdsretten,law,Gammeldansk,AM 6 4to,1540,1560
Mindre retsbestemmelser,law,Gammeldansk,AM 6 4to,1540,1560
Rigens dele,law,Gammeldansk,AM 6 4to,1540,1560
Rigens dele,law,Gammeldansk,AM 6 4to,1540,1560
Optegnelser om mønt og vægt,law,Gammeldansk,AM 6 4to,1540,1560
Vidnesbyrd,law,Gammeldansk,AM 6 4to,1540,1560
Christian IIIs håndfæstning,law,Gammeldansk,AM 6 4to,1540,1560
Christian IIIs forordning Koldinghus 1548,law,Gammeldansk,AM 6 4to,1540,1560
Christian IIs reces Dronningborg 1551,law,Ældre nydansk,AM 6 4to,1540,1560
Ejernotitser tankesprog o.l.,,Ældre nydansk og latin,AM 61 a 4to,1300,1600
,,Ældre nydansk,AM 61 a 4to,1300,1600
Om Tiendefald,,Ældre nydansk,AM 61 a 4to,1300,1600
Register over Sagøre,,Ældre nydansk,AM 61 a 4to,1300,1600
Borgerskabsed i Bergen,,Ældre nydansk og tysk,AM 61 a 4to,1300,1600
En Dommers Daglige Bøn,,Ældre nydansk,AM 61 a 4to,1300,1600
Hvorledes lavtinget sættes i Bergen,,Ældre nydansk,AM 61 a 4to,1300,1600
Lægeråd,,Dansk og latin,AM 842 4to,1590,1699
Dansk årbog 1158-1560,,Ældre nydansk,AM 842 4to,1590,1699
Opregning af adelsslægt 1536,,Ældre nydansk,AM 842 4to,1590,1699
Om Skt. Morten,,Ældre nydansk,AM 842 4to,1590,1699
Om skt. Christoffer,,Ældre nydansk,AM 842 4to,1590,1699
Edens betydning,,Ældre nydansk,AM 92 4to,1575,1625
Herredsskrivernes ed i Aggershus len 1592,,Ældre nydansk,AM 92 4to,1575,1625
Kong Magnus Lagabøters Norske landslov,,Ældre nydansk,AM 92 4to,1575,1625
Retterbøder fra 1200-1300-tallet,,Ældre nydansk,AM 92 4to,1575,1625
Register over retterbøderne,,Ældre nydansk,AM 92 4to,1575,1625
Norsk kongerække fra Harald hårfager til Christoffer af Bayern,,Ældre nydansk,AM 92 4to,1575,1625
Arvetallet,,Ældre nydansk,AM 92 4to,1575,1625
Christian IV privilegier for den norske adel Kronborg 1591,,Ældre nydansk,AM 92 4to,1575,1625
En dialog mellem far og datter om klosterlivet,,Gammeldansk,AM 1056 XVII 4to,1400,1499
Revelationes Sancte Birgitte,,Gammeldansk,AM 1056 XVI 4to,1450,1599
Kong Magnus lagabøters Norske landslov,,Ældre nydansk,AM 80 4to,1500,1599
Retterbøder og forordninger fra 1200- til 1500-tallet,,Ældre nydansk,AM 80 4to,1500,1599
Tre forrodninger af Christian III 1550,,Ældre nydansk,AM 80 4to,1500,1599
Regulæ juris,,Ældre nydansk og latin,AM 80 4to,1500,1599
Sager mellem kongen og biskoppen,,Ældre nydansk,AM 80 4to,1500,1599
Stamtavle fra Magnus Måneskjold,,Ældre nydansk,AM 80 4to,1500,1599
Kong Hans kroning,,Ældre nydansk,AM 80 4to,1500,1599
Norges konger,,Ældre nydansk,AM 80 4to,1500,1599
Kursforskrifter fra Norge og Island til Grønland,,Ældre nydansk,AM 80 4to,1500,1599
Rim over menneskenes alder og månederne,,Ældre nydansk,AM 80 4to,1500,1599
Visby søret,,Ældre nydansk,AM 80 4to,1500,1599
Truid Ulfstands og Claus Billes reces Oslo 1539,,Ældre nydansk,AM 80 4to,1500,1599
Christian IIs skibsartikler for Mogens Gyldenstjerne,,Ældre nydansk,AM 80 4to,1500,1599
Gårdsretten,,Ældre nydansk,AM 80 4to,1500,1599
Om ægteskab helligdag o.l.,,Ældre nydansk,AM 80 4to,1500,1599
Frederik II om tiende i Oslo Hamars og en del af Stavangers stift,,Ældre nydansk,AM 80 4to,1500,1599
Personalia og rim om Iver Jensen,,Ældre nydansk,AM 80 4to,1500,1599
Truid Ulfsstand og Claus Billes reces,,Ældre nydansk,AM 80 4to,1500,1599
Herredagsreces Oslo 1548,,Ældre nydansk,AM 80 4to,1500,1599
Christian II om handel bygsel (bortleje af jord) mm.,,Ældre nydansk,AM 80 4to,1500,1599
Uddrag af Lovmand Jon Simonssons lovhåndskrift,,Ældre nydansk,AM 80 4to,1500,1599
Kong Magnus Erikssons privilegier for Bergen,,Ældre nydansk,AM 80 4to,1500,1599
Artikler som sysselmænd og lovmænd har at holde,,Ældre nydansk,AM 80 4to,1500,1599
Dom om ran fra Dronning Margrethe Is tid,,Ældre nydansk,AM 80 4to,1500,1599
Vers fra Dydernes bog,,Ældre nydansk,AM 80 4to,1500,1599
Annalistiske optegnelser for årene 1455-1599,,Ældre nydansk,AM 80 4to,1500,1599
Om verdens tid og alder,,Ældre nydansk,AM 80 4to,1500,1599
Småstykker,,Ældre nydansk,AM 80 4to,1500,1599
Årets rørlige og urørlige fester,,Ældre nydansk,AM 80 4to,1500,1599
Marked som holdes årligt i Norge,,Ældre nydansk,AM 80 4to,1500,1599
Om synder og gode gerninger,,Ældre nydansk,AM 80 4to,1500,1599
Uheldsdage for åreladning og koppesætning.,,Ældre nydansk,AM 80 4to,1500,1599
Notitser og optegnelser,,Ældre nydansk,AM 80 4to,1500,1599
Den helige Birgittas åbenbaringer Bog II,,Gammeldansk,AM 1056 XXVI-XXVII 4to,1450,1499
Bønnebog,,Gammeldansk,AM 784 4to,1523,1523
Bønnebog,,Gammeldansk,AM 1056 XXXI 4to,1475,1499
Jyske lov,,Gammeldansk,AM 1056 XXIV 4to,1375,1425
Norsk kongekrønike,,Dansk,AM 883 4to,1573,1573
Roskilde-årbogen 1448-1549,,Dansk,AM 837 4to,1500,1599
Ordregister til Norske lov,,Ældre nydansk,AM 110 4to,1600,1699
Jyske lov,,Ældre nydansk,AM 10 4to,1675,1725
Erobring af Ditmarsken 1559,,Ældre nydansk,AM 2 4to,1500,1599
Retterbøder recesser o.l. fra 1200-1500-tallet,,Ældre nydansk og norrønt,AM 102 4to,1575,1625
Norsk kongerække fra Harald hårfager til Christoffer af Bayern,,Ældre nydansk,AM 83 a 4to,1575,1599
Norsk kongerække fra Harald hårfager til Christian IV,,Ældre nydansk,AM 83 a 4to,1575,1599
Danske kongers navn og tal til 1595,,Ældre nydansk,AM 83 a 4to,1575,1599
Memoire om nogle norske konger,,Ældre nydansk,AM 83 a 4to,1575,1599
Norsk kongerække fra Harald hårfager til Olav Håkonssön,,Ældre nydansk,AM 83 a 4to,1575,1599
Kong Magnus Lagabøters Norske landslov,,Ældre nydansk,AM 83 a 4to,1575,1599
Slotsherrer over Bergen hus,,Ældre nydansk,AM 83 a 4to,1575,1599
Jørgen Lykkes reces med Frederik IIs stadfæstelse,,Ældre nydansk,AM 83 a 4to,1575,1599
Jyske lovs fortale,law,Gammeldansk,AM 26 4to,1500,1524
Valdemars Sjællandske lov,law,Gammeldansk,AM 26 4to,1500,1524
Eriks Sjællandske lov,law,Gammeldansk,AM 26 4to,1500,1524
Sjællandske kirkelov,law,Gammeldansk,AM 26 4to,1500,1524
Erik Glippings vordingborgske og nyborgske forordninger,law,Gammeldansk,AM 26 4to,1500,1524
Gårdsretten,law,Gammeldansk,AM 26 4to,1500,1524
Kongelige forordninger og håndfæstninger fra 1300- og 1400-tallet,law,Gammeldansk og latin,AM 26 4to,1500,1524
Christian II's håndfæstning,law,Gammeldansk,AM 26 4to,1500,1524
Ry årbøger,,Ældre nydansk,AM 844 4to,1675,1725
Borger ed,,Ældre nydansk og tysk,AM 100 4to,1600,1699
Bergens bylov,,Ældre nydansk,AM 100 4to,1600,1699
Ivar Baardssøns grønlandsbeskrivelse,geog,Ældre nydansk,AM 777 a 4to,1600,1624
Krønike fra Erik af Pommern til Christian III's død,,Dansk,AM 839 4to,1770,1780
Årbog fra 1158-1560,,Dansk,AM 839 4to,1770,1780
,,Ældre nydansk,AM 927 4to,1800,1899
Antegnelser over Norske lov,,Ældre nydansk,AM 112 4to,1650,1699
Valdemars Sjællandske lov,law,Gammeldansk,AM 24 4to,1275,1299
Indholdsfortegnelse til Skånske lov og kirkeloven,index,Gammeldansk,AM 36 4to,1400,1499
Skånske lov,law,Gammeldansk,AM 36 4to,1400,1499
Skånske kirkelov,law,Gammeldansk,AM 36 4to,1400,1499
Arvebogen,law,Gammeldansk,AM 36 4to,1400,1499
Vederlagsretten,law,Gammeldansk,AM 36 4to,1400,1499
Erik Glippings forordning for Skåne 1284,law,Gammeldansk,AM 36 4to,1400,1499
Valdemar IIs forordning om jernbyrd,law,Gammeldansk,AM 36 4to,1400,1499
Skånske købstadsret,law,Gammeldansk,AM 36 4to,1400,1499
Erik af Pommerns og Margrete I's fiskeriforordning,law,Gammeldansk,AM 36 4to,1400,1499
Gårdsretten,law,Gammeldansk,AM 36 4to,1400,1499
Aktstykker i Povl Laxmands sag,law,Gammeldansk,AM 28 4to,1475,1525
Eriks Sjællandske lov,law,Gammeldansk,AM 28 4to,1475,1525
Sjællandske kirkelov,law,Gammeldansk,AM 28 4to,1475,1525
Om gårdfred,law,Gammeldansk,AM 28 4to,1475,1525
Sager som skal følges for kongen og med hans brev,law,Gammeldansk,AM 28 4to,1475,1525
Lovbestemmelser i henhold til jyske lov og byens privilegier i Harsløv,law,Gammeldansk,AM 28 4to,1475,1525
Skånske købstadret,law,Gammeldansk,AM 28 4to,1475,1525
Kong Christoffers stadsret,law,Gammeldansk,AM 28 4to,1475,1525
Juridiske optegnelser angående en drabssag,law,Gammeldansk,AM 28 4to,1475,1525
En ekstrakt af kirkelovene,law,Gammeldansk,AM 28 4to,1475,1525
Erik Glippings nyborgske forordning for Nørrejylland 1284,law,Gammeldansk,AM 28 4to,1475,1525
Erik Glippings helsingborgske forordning 1283,law,Gammeldansk,AM 28 4to,1475,1525
Christoffer II's kroningsed 1340,law,Gammeldansk,AM 28 4to,1475,1525
Christian I's forordning for Nørrejylland 1466,law,Gammeldansk,AM 28 4to,1475,1525
Gårdsretten,law,Gammeldansk,AM 28 4to,1475,1525
Oversigt over rettergangsbestemmelser i de gamle landskabslove,law,Gammeldansk,AM 28 4to,1475,1525
Thord degns artikler,law,Gammeldansk og latin,AM 28 4to,1475,1525
Middel mod blodstyrtning,medicine,Gammeldansk og latin,AM 28 4to,1475,1525
Valdemar Erikssøns håndfæstning 1326,law,Gammeldansk og latin,AM 28 4to,1475,1525
Juramentum Cristofferi Regis 1440,law,Gammeldansk og latin,AM 28 4to,1475,1525
Juramentum Cristierni Regis 1448,law,Gammeldansk og latin,AM 28 4to,1475,1525
Et mirakel om kong Edmund af England og hans søn,miracle,Gammeldansk,AM 28 4to,1475,1525
Gårdsretten,law,Gammeldansk,AM 28 4to,1475,1525
Kongelige danske håndfæstninger og kongebreve fra 1300-tallet (kong Kristoffer Valdemar og Oluf),law,Gammeldansk,AM 28 4to,1475,1525
Grænseskel mellem Danmark og Sverige,law,Gammeldansk og latin,AM 28 4to,1475,1525
Biskopperne Graves og Fos' hofprædikant Leths og sognepræst Loibergs resolution,,Ældre nydansk,AM 911 4to,1675,1725
,,Dansk,AM 55 4to,1590,1610
Guta lag,logfr,Dansk,AM 55 4to,1590,1610
Kong Christians Retterbøder 1550,,Ældre nydansk,AM 1053 4to,1700,1800
Kong Magnus lagabøters norske landslov,,Ældre nydansk,AM 82 4to,1500,1599
Retterbøder forordninger domme og lign. fra 1200-1500-tallet,,Ældre nydansk,AM 82 4to,1500,1599
Notits om Tønsberg-hus' erobring 1508,,Ældre nydansk,AM 82 4to,1500,1599
Notits om herredagen på Agershus 1599,,Ældre nydansk,AM 82 4to,1500,1599
Kong Frederik II Om lagting i Oslo Kbh. 1572.,,Ældre nydansk,AM 82 4to,1500,1599
,,Ældre nydansk,AM 82 4to,1500,1599
Kong Magnus lagabøters Norske landslov,,Ældre nydansk,AM 95 a 4to,1575,1627
Kong Magnus Lagabøters Norske landslov,,Ældre nydansk,AM 90 4to,1575,1599
Retterbøder og forordninger fra 1200-1500-tallet,,Ældre nydansk,AM 90 4to,1575,1599
Register til landsloven,,Ældre nydansk,AM 90 4to,1575,1599
Register over sagøre,,Ældre nydansk,AM 90 4to,1575,1599
Beretning og aflad,,Gammeldansk,AM 683 d 4to,,
Skånske kirkelov,logfr,Ældre nydansk,AM 38 a 4to,1650,1699
Tidebog,,Gammeldansk,AM 1056 XIII 4to,1450,1499
Missale,,Dansk og latin,AM 1056 XXIX 4to,1550,1599
Fortegnelse over breve der var forvarede på Aggershus slot 1622,,Ældre nydansk,AM 881 4to,1622,1699
Grønlandsbeskrivelse del III,,Ældre nydansk,AM 774 b 4to,1700,1724
Appendix om kåsen til Grønland,,Ældre nydansk,AM 774 b 4to,1700,1724
Et moralsk vers fra et missale,,Ældre nydansk,AM 1056 XXXVIII 4to,1575,1625
Fortegnelse over Aggershus stifts distrikter,,Ældre nydansk,AM 893 4to,1617,1650
Alfabetisk register,,Ældre nydansk,AM 893 4to,1617,1650
Jyske lov,law,Gammeldansk,AM 15 8vo,1507,1507
Kong Erik glippings nyborgske forordning for 								Nørrejylland 1284,law,Gammeldansk,AM 15 8vo,1507,1507
Kong Erik glippings nyborgske forordning for 								Sjælland 1284,law,Gammeldansk,AM 15 8vo,1507,1507
Kong Hans' stadsret for Skagen 1507,law,Gammeldansk,AM 15 8vo,1507,1507
Kong Christians åbne brev at fremmede købmænd på 								Skagen skulle deltage i skat og tynge,,Gammeldansk,AM 15 8vo,1507,1507
Ret elskovens dyd,hymn,Gammeldansk,AM 76 8vo,1452,1467
Mit hjerte det brænder,hymn,Gammeldansk,AM 76 8vo,1452,1467
Jomfru Marias navne,pray,Gammeldansk,AM 76 8vo,1452,1467
Lovsang til Jomfru Maria,hymn,Gammeldansk,AM 76 8vo,1452,1467
Ave Maria,hymn,Gammeldansk,AM 76 8vo,1452,1467
Uddrag fra et latinsk-gammeldansk glosar,glos,Gammeldansk og latin,AM 76 8vo,1452,1467
Thet skulæ hwer cristen man kommæ i hw,chrTrad,Gammeldansk,AM 76 8vo,1452,1467
Den aflad man opnår ved at faste på 								årets tolv fastefredage,chrTrad,Gammeldansk,AM 76 8vo,1452,1467
Kristus du er både lys og 								dag,hymn,Gammeldansk,AM 76 8vo,1452,1467
Makaronisk sang til Jomfru Maria,hymn,Gammeldansk,AM 76 8vo,1452,1467
Lucidarius,bibl,Gammeldansk,AM 76 8vo,1452,1467
Lovdigt til Jomfru Maria,poem,Gammeldansk,AM 76 8vo,1452,1467
Litaniet,lita,Gammeldansk,AM 76 8vo,1452,1467
De syv bodssalmer,hymn,Gammeldansk,AM 76 8vo,1452,1467
Litaniet,lita,Gammeldansk,AM 76 8vo,1452,1467
Digt om kvindekønnets 								dårlighed,poem,Gammeldansk,AM 76 8vo,1452,1467
Prædikener,serm,Gammeldansk,AM 76 8vo,1452,1467
Jyske lov,law,Dansk,AM 7 8vo,1450,1499
Rimkrøniken,,Dansk,AM 107 8vo,1500,1599
Jyske lov,law,Gammeldansk,AM 19 8vo,1300,1399
Trolddomskapitlet,law,Ældre nydansk,AM 19 8vo,1300,1399
Kong Erik Glippings nyborgske forordninger for Nørrejylland 1284,law,Ældre nydansk,AM 19 8vo,1300,1399
Eriks sjællandske lov,law,Gammeldansk,AM 23 8vo,1481,1481
Erik glippings nyborgske forordninger for Nørrejylland 1284,law,Gammeldansk,AM 23 8vo,1481,1481
Jyske lov,law,Gammeldansk,AM 23 8vo,1481,1481
Valdemars sjællandske lov og kirkelov,law,Gammeldansk,AM 23 8vo,1481,1481
Revelationes Sanctæ Birgittæ,vis,Gammeldansk,AM 79 I gamma 8vo,1450,1499
Jyske lov,law,Dansk,AM 20 b 8vo,1475,1525
Dansk Kongerække,law,Dansk,AM 20 b 8vo,1475,1525
Gildeskråen i dansk oversættelse,,Dansk,AM 275 8vo,1300,1599
Samlinger vedrørende de hellige tre kongers kapel i Roskilde,,Dansk og latin,AM 230 8vo,1700,1724
Erik Gilles lov,,Dansk,AM 230 8vo,1700,1724
Lægebog,medicine,De fleste overskrifter er på latin resten af teksten er på gammeldansk,AM 187 8vo,1400,1415
Trylleformular,magic,Ældre nydansk og latin,AM 187 8vo,1400,1415
Husråd,medicine,Ældre nydansk,AM 187 8vo,1400,1415
Jyske lov,,Gammeldansk,AM 5 8vo,1477,1477
Kong Erik glippings Nyborgske forordninger for Nørrejylland,,Gammeldansk,AM 5 8vo,1477,1477
Kong Christoffer af Bayerns edelige forsikring om at overholde undersåtternes rettigheder,,Gammeldansk,AM 5 8vo,1477,1477
Kong Christian Is forordning for Nørrejylland 1466,,Gammeldansk,AM 5 8vo,1477,1477
Gårdsretten,,Dansk,AM 5 8vo,1477,1477
Jyske lov,,Gammeldansk,AM 9 8vo,1490,1490
Kong Erik glippings Nyborgske forordninger 1284 for Nørrejylland,,Gammeldansk,AM 9 8vo,1490,1490
Elleve marks sager,,Gammeldansk,AM 9 8vo,1490,1490
Gårdsretten,,Gammeldansk,AM 9 8vo,1490,1490
Tord degns artikler,,Gammeldansk,AM 9 8vo,1490,1490
Bandsformular,,Dansk,AM 9 8vo,1490,1490
Kong Erik glippings nyborgske forordninger for Nørrejylland 1284,law,Dansk,AM 17 8vo,1472,1472
Jyske lov,law,Dansk,AM 17 8vo,1472,1472
Inddeling og beregning af bondejord,,Dansk,AM 17 8vo,1472,1472
Gårdsretten,law,Dansk,AM 17 8vo,1472,1472
Kong Christian Is forordning for Nørrejylland 1466,law,Dansk,AM 17 8vo,1472,1472
Forskellige tekster,,Dansk,AM 17 8vo,1472,1472
Register over håndskriftets indhold,,Ældre nydansk,AM 21 8vo,1500,1599
Alfabetisk ordnet register over håndskriftets indhold,,Ældre nydansk,AM 21 8vo,1500,1599
To lovbestemmelser,,Ældre nydansk,AM 21 8vo,1500,1599
Politivedtægter for Ålborg,,Ældre nydansk,AM 21 8vo,1500,1599
Vedtægt om heste- og svinehold i Ålborg 1553,,Ældre nydansk,AM 21 8vo,1500,1599
Takst på fremmede drikkevarer i Ålborg 1553,,Ældre nydansk,AM 21 8vo,1500,1599
Kommunalvedtægter for Ålborg af forskellig art,,Ældre nydansk,AM 21 8vo,1500,1599
,,Ældre nydansk,AM 21 8vo,1500,1599
,,Ældre nydansk,AM 21 8vo,1500,1599
Om bryllupper,,Ældre nydansk,AM 21 8vo,1500,1599
Om prædiken begravelse ringning,,Ældre nydansk,AM 21 8vo,1500,1599
Om kvæg,,Ældre nydansk,AM 21 8vo,1500,1599
Om offerdage og om kirkeorden,,Ældre nydansk,AM 21 8vo,1500,1599
Om sognestævne,,Ældre nydansk,AM 21 8vo,1500,1599
Om tingstokkenes vedligeholdelse og om Ålborgs skomagere,,Ældre nydansk,AM 21 8vo,1500,1599
Ålborgs stadsret givet af kong Valdemar Atterdag efterfulgt af Kong Erik af Pommerns stadfæstelse,,Ældre nydansk,AM 21 8vo,1500,1599
Kong Kristoffer af Bayerns privilegium for Ålborg 1441,,Ældre nydansk,AM 21 8vo,1500,1599
Kong Christian Is andet privilegium for Ålborg,,Ældre nydansk,AM 21 8vo,1500,1599
Kong Christian Is privilegium for Ålborg 1462,,Ældre nydansk,AM 21 8vo,1500,1599
Kong Christian Is anordning for Ålborg om staldrum og om straf for æreskrænkelse 1464,,Ældre nydansk,AM 21 8vo,1500,1599
Kong Hans første privilegium for Ålborg,,Ældre nydansk,AM 21 8vo,1500,1599
Kong Hans andet privilegium for Ålborg,,Ældre nydansk,AM 21 8vo,1500,1599
Kong Christian IIs privilegium for Ålborg,,Ældre nydansk,AM 21 8vo,1500,1599
Kong Christians åbne brev om fiskeri i Limfjorden,,Ældre nydansk,AM 21 8vo,1500,1599
Register til Ålborg stadsret og efterfølgende privilegier,,Ældre nydansk,AM 21 8vo,1500,1599
Kongebreve om Ålborg fra Christian IIIs og Frederik IIs tid,,Ældre nydansk,AM 21 8vo,1500,1599
Fortale,law,Ældre nydansk,AM 33 8vo,1601,1601
Magnus lagabøters norske landslov,law,Ældre nydansk,AM 33 8vo,1601,1601
Retterbøder fra 1200-1500-tallet,law,De ældre i dansk oversættelse,AM 33 8vo,1601,1601
Fortegnelse over indførte medlemmer i lavet 1551-1611 og 1617-41,,Ældre nydansk,AM 29 8vo,1404,1699
Yngre protestantiske vedtægter for Skt. Gertruds lav i Hellested,,Ældre nydansk,AM 29 8vo,1404,1699
Kong Christian IIs forordning om vrag,,Dansk,AM 58 8vo,1600,1624
Sjællandske lov,law,Ældre nyansk,AM 25 8vo,1545,1545
Sjællandske kirkelov,law,Dansk,AM 25 8vo,1545,1545
Indholdsfortegnelse til Sjællandske lov og Sjællandske kirkelov,efni,Dansk,AM 25 8vo,1545,1545
Bøn på gammeldansk (1),,Gammeldansk,AM 70 8vo,1400,1499
Bøn på gammeldansk (2),,Gammeldansk,AM 70 8vo,1400,1499
Bøn på gammeldansk (3),,Gammeldansk,AM 70 8vo,1400,1499
Bøn på gammeldansk (4),,Gammeldansk og latin,AM 70 8vo,1400,1499
Gammeldansk bøn (5),,Gammeldansk,AM 70 8vo,1400,1499
Gammeldanske bønner,pray,Gammeldansk,AM 70 8vo,1400,1499
Bøn på gammeldansk (7),,Gammeldansk,AM 70 8vo,1400,1499
Latinsk bøn med gammeldansk overskrift,,Gammeldansk og latin,AM 70 8vo,1400,1499
Bøn på gammeldansk (8),,Gammeldansk,AM 70 8vo,1400,1499
Bøn på gammeldansk (9),,Gammeldansk,AM 70 8vo,1400,1499
Bøn på gammeldansk (10),,Gammeldansk,AM 70 8vo,1400,1499
Lollands vilkår 1446,law,Gammeldansk,AM 27 8vo,1475,1525
Kong Christian Is forordning om indenlandsk købmandsskab og handel 1460,law,Gammeldansk,AM 27 8vo,1475,1525
Den ældste lundske stadsret,law,Gammeldansk,AM 27 8vo,1475,1525
Kong Kristoffer af Bayerns stadsret for København 1443,law,Gammeldansk,AM 27 8vo,1475,1525
Gårdsretten,law,Gammeldansk,AM 27 8vo,1475,1525
Uddrag af kong Erik Glippings nyborgske forordninger,law,Gammeldansk,AM 27 8vo,1475,1525
Bøn til Kristus,pray,Dansk med sveicismer,AM 11 8vo,1300,1399
Fortalen til Jyske lov,,Dansk,AM 11 8vo,1300,1399
Passionale,pray,Hovedteksten er på gammeldansk mens overskriften er på latin,AM 72 8vo,1400,1499
Bønner til Maria Magdalena St Barbara og jomfru Maria samt Davidssalmer på latin,pray,Dansk og latin,AM 72 8vo,1400,1499
Psalterium Beate Marie Virginis,pray,Gammeldansk,AM 72 8vo,1400,1499
Optegnelser om mønt mål og vægt,,Dansk,AM 255 8vo,1700,1724
Optegnelser om norske recesser fra 1500-tallet,,Dansk,AM 274 8vo,1700,1724
Annalistiske og personalhistoriske optegnelser for årene 1526 og 1508,,Dansk,AM 188 8vo,1475,1525
Lægeråd husråd o.l.,,Dansk og latin,AM 188 8vo,1475,1525
Lægeråd for mennesker og dyr,,Dansk og enkelte på nedertysk,AM 188 8vo,1475,1525
Stamtavle over Hr. Erik Ottesen Rosenkrantz og Fru Sofie Gyldenstjerne,,Dansk,AM 221 8vo,,
Danske annalistiske optegnelser for årene 1410-1472,,Gammeldansk,AM 233 8vo,,
Gårdsretten,,Gammeldansk,AM 233 8vo,,
Kong Christian Is forordning for Nørrejylland 1466,,Gammeldansk,AM 233 8vo,,
Forsatsblade fra en dansk lovbog,,Dansk,AM 233 8vo,,
Kalendarium,,Gammeldansk,AM 233 8vo,,
Bønnebog,,Gammeldansk,AM 233 8vo,,
Titelblad,,Ældre nydansk og ældre nysvensk,AM 30 8vo,1551,1551
Valdemars sjællandske lov,,Gammeldansk,AM 22 8vo,1450,1550
Eriks sjællandske lov,,Gammeldansk,AM 22 8vo,1450,1550
Kong Erik glippings Vordingborgske forordning 1282.,,Gammeldansk,AM 22 8vo,1450,1550
Kong Erik glippings Nyborgske forordninger for Sjælland 1284,,Gammeldansk,AM 22 8vo,1450,1550
Kong Olavs håndfæstning Slagelse 1376,,Gammeldansk,AM 22 8vo,1450,1550
Lollands vilkår,,Gammeldansk,AM 22 8vo,1450,1550
Kong Christian Is forordning om købmandskab på Lolland,,Gammeldansk,AM 22 8vo,1450,1550
Den Helsingborgske (eller Lundske) stadsret,,Gammeldansk,AM 22 8vo,1450,1550
Kong Kristoffer af Bayerns stadsret for København,,Gammeldansk,AM 22 8vo,1450,1550
Gårdsretten,,Gammeldansk,AM 22 8vo,1450,1550
Jyske lov,law,Gammeldansk,AM 18 8vo,1504,1504
Valdemars sjællandske lov,,Gammeldansk,AM 79 I beta 8vo,1400,1499
Magnus lagabøters Norske landslov,,Dansk,AM 32 8vo,1575,1625
Retterbøder kgl. forordninger og bestemmelser for Norge 1200-1500-tallet.,,De allerfleste på dansk,AM 32 8vo,1575,1625
Passionale,passion,Gammeldansk,AM 79 I eta 8vo,1400,1499
Jyske lov,law,Gammeldansk,AM 79 I alfa 8vo,1300,1399
Jyske lov,log,Gammeldansk og latin,AM 16 8vo,1475,1499
Sager fra Jyske lov,log,Dansk,AM 16 8vo,1475,1499
Sager som værges med køns nævnd,log,Dansk,AM 16 8vo,1475,1499
Sager som værges med frænde ed,log,Dansk,AM 16 8vo,1475,1499
Sager som værges med herredn nævnd,log,Dansk,AM 16 8vo,1475,1499
Alle 40 marks sager,log,Dansk,AM 16 8vo,1475,1499
Gårdsretten,log,Dansk,AM 16 8vo,1475,1499
Kong Erik Glippings Nyborgske forordning for Nørrejylland 1284,log,Gammeldansk og latin,AM 16 8vo,1475,1499
Kong Erik Glippings Nyborgske forordning for Sjælland 1284,log,Dansk,AM 16 8vo,1475,1499
Kong Christian I:s forordning for Nørrejylland 1466,log,Dansk,AM 16 8vo,1475,1499
Regulæ juris,,Dansk,AM 8 8vo,1550,1646
Fortegnelse over sager der skal værges med,,Dansk,AM 8 8vo,1550,1646
Om dommeres pligter,,Dansk,AM 8 8vo,1550,1646
Jyske lov,,Dansk,AM 8 8vo,1550,1646
Tord degns artikler 62 kapitler,,Dansk,AM 8 8vo,1550,1646
Rigens ret,,Dansk,AM 8 8vo,1550,1646
Gårdsretten udvidet med 25. artikel af Christian IIs københavnske reces 1537,,Dansk,AM 8 8vo,1550,1646
Kong Frederik IIs Københavnske skik og ordning af år 1569 om stævninger m.m.,,Dansk,AM 8 8vo,1550,1646
Den koldingske reces 1558 med tilhørende register,,Dansk,AM 8 8vo,1550,1646
Frederik IIs håndfæstning 1559,,Dansk,AM 8 8vo,1550,1646
Kong Frederik IIs søret 1561,,Dansk,AM 8 8vo,1550,1646
Citat fra Det Gamle Testamente,,Dansk,AM 8 8vo,1550,1646
Annalistiske optegnelser om Danmark,,Dansk,AM 8 8vo,1550,1646
Fortegnelse over loven,,Dansk,AM 8 8vo,1550,1646
Forklaring af det danske våben,,Dansk,AM 8 8vo,1550,1646
,,Dansk,AM 8 8vo,1550,1646
Brevformularer,,Dansk,AM 8 8vo,1550,1646
Et kristent ABC,,Dansk,AM 8 8vo,1550,1646
Legenda aurea,vita,Gammeldansk,AM 79 I delta 8vo,1400,1499
Jyske lov,law,Dansk,AM 20 a 8vo,1475,1525
Kong Erik glippings nyborske forordninger for Nørrejylland 1284,law,Dansk,AM 20 a 8vo,1475,1525
Lovens køns-nævnds frænde-eds og 40 marks sager,,Dansk,AM 20 a 8vo,1475,1525
Adelens navne i Danmark,,Dansk,AM 264 8vo,1550,1724
Danmarks krønike,,Dansk,AM 264 8vo,1550,1724
Klosterregel efter Benedicti Regula Monachorum,rule,Gammeldansk,AM 79 I zeta 8vo,1400,1499
Om jorders beregning,,Gammeldansk og latin,AM 12 8vo,1450,1499
Brev om købte jorders fraflytning,,Gammeldansk,AM 12 8vo,1450,1499
Valdemars sjællandske lov,,Gammeldansk,AM 24 8vo,1350,1399
Den sjællandske kirkelov,,Gammeldansk,AM 24 8vo,1350,1399
Kong Erik glippings nyborgske forordning for Sjælland 1284,,Gammeldansk,AM 24 8vo,1350,1399
Valdemars sjællandske lov,,Gammeldansk,AM 24 8vo,1350,1399
Kong Erik glippings vordingborgske forordning 1282,,Gammeldansk med tilhørende datering på latin.,AM 24 8vo,1350,1399
Om ufredhellighed på grund af anfald med rådet råd,,Gammeldansk,AM 24 8vo,1350,1399
Kong Christoffer IIs håndfæstning 1320,,Gammeldansk,AM 24 8vo,1350,1399
Constitutio Valdemari 1360,,Gammeldansk,AM 24 8vo,1350,1399
Literæ obiigatoriæ Vaidemari IV 1341,,Gammeldansk,AM 24 8vo,1350,1399
Constitutio Olavi 1376,,Gammeldansk,AM 24 8vo,1350,1399
Altera constitutio Olavi 1377,,Gammeldansk,AM 24 8vo,1350,1399
Eriks sjællandske lov,,Gammeldansk,AM 24 8vo,1350,1399
Persenober og Constantinobis,,Ældre nydansk,AM 151 b 8vo,1575,1625
En dialog mellem far og datter om klosterlivet,didac,Gammeldansk,AM 79 I epsilon 8vo,1475,1525
Opbyggelige fortællinger for klosterfolk,vita,Dansk (med svenske former),AM 79 I theta 8vo,1400,1499
,,Gammeldansk,AM 10 8vo,1490,1490
Jyske lov,,Gammeldansk,AM 10 8vo,1490,1490
Kong Erik glippings Nyborgske forordninger 1284 for Nørrejylland,,Gammeldansk,AM 10 8vo,1490,1490
Kong Christian Is forordning for Nørrejylland 1466,,Gammeldansk,AM 10 8vo,1490,1490
Gårdsretten,,Gammeldansk,AM 10 8vo,1490,1490
Kong Christoffer IIs håndfæstning 1320,,Gammeldansk,AM 26 8vo,1350,1399
Constitutio Valdemari 1360,,Gammeldansk,AM 26 8vo,1350,1399
Literæ obligatoriæ Valdemari IV 1341,,Gammeldansk,AM 26 8vo,1350,1399
Constitutio Olavi 1376,,Gammeldansk,AM 26 8vo,1350,1399
Altera constitutio Olavi 1377,,Gammeldansk,AM 26 8vo,1350,1399
Valdemars sjællandske lov,,Gammeldansk,AM 26 8vo,1350,1399
Valdemars sjællandske lov,,Gammeldansk,AM 26 8vo,1350,1399
Eriks sjællandske lov,,Gammeldansk,AM 26 8vo,1350,1399
Den sjællandske kirkelov,,Gammeldansk,AM 26 8vo,1350,1399
Jyske lov,,Gammeldansk,AM 453 12mo,1300,1410
Kong Erik Glippings nyborgske forordning for Nørrejylland 1284,,Gammeldansk,AM 453 12mo,1300,1410
En Dansk Nonnes Bønnebog,,Gammeldansk,AM 418 12mo,1475,1525
,,Dansk,AM 418 12mo,1475,1525
,,Dansk,AM 418 12mo,1475,1525
,,Dansk,AM 418 12mo,1475,1525
Jyske lov,log,dansk,AM 451 12mo,1480,1480
Jyske lovs fortale,log,dansk,AM 451 12mo,1480,1480
Bog I,log,dansk,AM 451 12mo,1480,1480
Indholdsfortegnelse,regist,dansk,AM 451 12mo,1480,1480
Indholdsfortegnelse,regist,dansk,AM 451 12mo,1480,1480
Bog III,log,dansk,AM 451 12mo,1480,1480
Indholdsfortegnelse,regist,dansk,AM 451 12mo,1480,1480
Kong Erik Glippings Nyborgske forordninger for 			Nørrejylland 1284,log,dansk,AM 451 12mo,1480,1480
Tord degns artikler,log,dansk,AM 451 12mo,1480,1480
Kong Christian I's forordning for Nørrejylland 			1466,log,dansk,AM 451 12mo,1480,1480
Gårdsretten,log,dansk,AM 451 12mo,1480,1480
Kong Erik glippings Nyborgske forordning for Nørrejyiland 1284,,Gammeldansk,AM 443 12mo,1450,1499
Indholdsfortegnelse til Jyske Lov,,Gammeldansk med latinsk efterskrift,AM 443 12mo,1450,1499
Kong Christian Is privilegier 1454,,Gammeldansk,AM 443 12mo,1450,1499
Gammeldansk bønnebog,,Dansk og latin,AM 420 12mo,1475,1525
,,Dansk,AM 447 12mo,1475,1499
Valdemars Sjællandske lov og Sjællandske kirkelov med Jyske lovs fortale,law,Gammeldansk og Latin,AM 455 12mo,1275,1325
Jyske lovs fortale,,Gammeldansk,AM 455 12mo,1275,1325
Valdemars Sjællandske lov,,Teksten samt den allerførste rubrik er på gammeldansk resten af rubrikkerne er på latin,AM 455 12mo,1275,1325
Sjællandske kirkelov,,Gammeldansk,AM 455 12mo,1275,1325
Eriks Sjællandske lov bog I-III,law,Gammeldansk og latin,AM 455 12mo,1275,1325
Indholdsfortegnelse til Eriks Sjællandske lov bog I,,Gammeldansk,AM 455 12mo,1275,1325
Eriks Sjællandske lov bog I,,Gammeldansk,AM 455 12mo,1275,1325
Indholdsfortegnelse til Eriks Sjællandske lov bog II og III,,Gammeldansk,AM 455 12mo,1275,1325
Eriks Sjællandske Lov bog II og III,,Gammeldansk og latin,AM 455 12mo,1275,1325
Jyske lov,,Dansk,AM 449 12mo,1400,1599
Kong Erik Glippings nyborgske forordning for Nørrejylland 1284,,Dansk,AM 449 12mo,1400,1599
Udsigt over Valdemars og Eriks sjællandske love med sammenstilling af de forskellige lovbestemmelser,,Dansk,AM 449 12mo,1400,1599
Ordforklaring,,Dansk,AM 449 12mo,1400,1599
Jyske lov,,Gammeldansk,AM 445 12mo,1475,1499
Kong Erik Glippings Nyborgske forordning for Nørrejylland 1284,,Dansk,AM 445 12mo,1475,1499
Vor frue tider,,Gammeldansk,AM 419 12mo,1500,1524
Dansk bønnebog,,Dansk,AM 423 12mo,1500,1599
Jyske lov,log,Dansk,AM 452 12mo,1475,1525
Jyske lov,,Gammeldansk,AM 450 12mo,1475,1499
Kong Erik Glippings nyborgske forordning for Nørrejylland 1284,,Gammeldansk,AM 450 12mo,1475,1499
Juramenti Christofori Bauari,,Gammeldansk,AM 450 12mo,1475,1499
Gårdsretten,,Gammeldansk,AM 450 12mo,1475,1499
Uddrag af Frederik II's Gårdsret,,Gammeldansk,AM 450 12mo,1475,1499
Beretning om ufrihedens oprindelse blandt Sjællændere Mønboer Falstringer Lolliker,,Ældre nydansk,AM 450 12mo,1475,1499
Jyske lov,law,Gammeldansk,AM 442 12mo,1475,1599
Kong Erik Glippings nyborgske forordninger 1284,law,Gammeldansk,AM 442 12mo,1475,1599
Christian I's forordning for Nørrejylland 1468,law,Gammeldansk,AM 442 12mo,1475,1599
Gårdsretten,law,Gammeldansk,AM 442 12mo,1475,1599
Trolddomskapitlet,law,Gammeldansk,AM 442 12mo,1475,1599
Ærkebiskop Jens Brostrups Erklæring 1494,law,Gammeldansk,AM 442 12mo,1475,1599
Liste over riddere i Danmark,misc,Gammeldansk,AM 442 12mo,1475,1599
Edsformular for dommere,law,Gammeldansk,AM 442 12mo,1475,1599
Værdiberegning,val,Gammeldansk,AM 442 12mo,1475,1599
Ærkebiskop Jens Brostrups Erklæring 1494,law,Gammeldansk,AM 442 12mo,1475,1599
Jyske lov,,Gammeldansk,AM 446 12mo,1486,1486
Kong Erik Glippings nyborgske forordning for Nørrejylland 1284,,Gammeldansk og latin,AM 446 12mo,1486,1486
Kong Christian Is forordning for Nørrejylland 1466,,Gammeldansk og latin,AM 446 12mo,1486,1486
Gårdsretten,,Gammeldansk,AM 446 12mo,1486,1486
Jyske lov,,Gammeldansk,AM 454 12mo,1462,1462
Kong Erik glippings Nyborgske forordninger for Nørrejylland 1284,,Gammeldansk,AM 454 12mo,1462,1462
Juramentum Christofori Bauari,,Gammeldansk,AM 454 12mo,1462,1462
Gårdsretten,,Gammeldansk,AM 454 12mo,1462,1462
Navne på talstørrelser,,Ældre nydansk,AM 454 12mo,1462,1462
Et folkevisevers,,Ældre nydansk,AM 454 12mo,1462,1462
Værdiberegning på jord,,Ældre nydansk,AM 454 12mo,1462,1462
Dommerens pligter,,Dansk,AM 448 12mo,1400,1599
Jyske lovs udstedelse,,Dansk,AM 448 12mo,1400,1599
Jyske lov,,Dansk,AM 448 12mo,1400,1599
Kong Erik Glippings nyborgske forordning for Nørrejylland 1284,,Dansk,AM 448 12mo,1400,1599
Jyske lov,,Gammeldansk,AM 444 12mo,1475,1525
Kong Erik Glippings nyborgske forordning for Nørrejylland 1284,,Gammeldansk,AM 444 12mo,1475,1525
,,,Acc. 21,,
,,Dansk,Acc. 13,1590,1610
,,,Acc. 46,,
,,Dansk,Acc. 11,1590,1610
,,,Acc. 3,1800,1899
,,Dansk,Acc. 14,1600,1625
,,Dansk,Acc. 16,1823,1892
Brev,,,Acc. 20,,
,,Dansk,Acc. 12,1500,1600
,,Dansk,Acc. 10,1600,1699
,,Dansk og latin,Rask 60,1700,1749
,,Dansk,Rask 11,1800,1832
Afhandling om kirker og kirke-godse i Island,,Dansk,Rask 66,1800,1800
Afhandling om kirker og kirke-godse i Island,,Dansk,Rask 66,1800,1800
Angelsaksisk sproglære,,Dansk og angelsaksisk,Rask 117,1817,1817
Spansk Sproglære efter en ny Plan,,Dansk og spansk,Rask 119,1824,1824
,,Dansk,Rask 63,1800,1815
,,Dansk,Rask 67,1790,1810
Undersøgelse om det gamle nordiske eller islandske sprogs oprindelse,,Dansk,Rask 116,1818,1818
,,Dansk og islandsk,Rask 14,1815,1832
Vejledning til det Islandske eller gamle Nordiske Sprog,,Dansk og norrønt,Rask 114,1811,1811
Frisisk sproglære,,Dansk og frisisk,Rask 118,1825,1825
Digt om det danske angreb på byen Algier i 1770 og 1772-73,kvad,Dansk og islandsk,Rask 30,1790,1810
Cammer Collegii korrespondance,,Dansk,Steph. 67,1762,1799
Anonyme betænkninger over den islandske handel,,Dansk,Steph. 75,1750,1799
Det Hoylovelige General-Kirke-Inspections-Collegii Skrivelser til Amtmand Magnus Gislesen,,Dansk,Steph. 77,1750,1799
Kopi af skrivelse til det Kongelige Rentekammer,,Dansk,Steph. 69,1785,1799
Jónsbók,,Dansk,Steph. 14,1700,1799
Islandske Lov,,Dansk,Steph. 71,1700,1799
Uddrag af opmålingsjournal om Island,,Dansk,Steph. 66,1785,1799
Retterbøder,,Dansk,Steph. 50,1700,1799
Ekstrakt af Rentekammerets islandske kontors kopibøger,,Dansk,Steph. 68,1700,1799
Dokumenter fra Lagmanden Lauritz Gottrups Kommission,,Dansk,Steph. 76,1700,1799
Koncept til en politi- og landforordning for Island,,Dansk,Steph. 40,1790,1810
Norske Lovs 2. bog,,Dansk og islandsk,Steph. 39,1700,1799
Inventariefortegnelser fra Bessestad i Island,,Dansk,Steph. 70,1700,1799
Uddrag af den islandske jordebogskommissions indberetninger,,Dansk,Steph. 70,1700,1799
Uddrag af rentekammerets expeditions protokol vedr. Island,,Dansk,Steph. 70,1700,1799
Bortforpagtning af Islands indkomster til C. Heidemann 1691 og Handelen på Isefjords havn til H. Munch 1706,,Dansk,Steph. 70,1700,1799
